journal_entry_id,merchant_id,reference_id,entry_date,account,debit,credit,description,currency
JE_PAY_42_1,M_1001,PAY_42_1,2026-07-31T05:31:55.729623Z,cash,6656,0,payment recorded,INR
JE_PAY_42_2,M_1001,PAY_42_2,2026-08-26T05:31:55.729646Z,cash,36679,0,payment recorded,INR
JE_PAY_42_3,M_1001,PAY_42_3,2026-08-16T05:31:55.729654Z,cash,143064,0,payment recorded,INR
JE_PAY_42_4,M_1001,PAY_42_4,2026-08-27T05:31:55.729658Z,cash,7911,0,payment recorded,INR
JE_PAY_42_5,M_1001,PAY_42_5,2026-08-10T05:31:55.729662Z,cash,170463,0,payment recorded,INR
JE_PAY_42_6,M_1001,PAY_42_6,2026-08-10T05:31:55.729666Z,cash,117857,0,payment recorded,INR
JE_PAY_42_7,M_1001,PAY_42_7,2026-08-01T05:31:55.729669Z,cash,41953,0,payment recorded,INR
JE_PAY_42_8,M_1001,PAY_42_8,2026-07-31T05:31:55.729673Z,cash,40858,0,payment recorded,INR
JE_PAY_42_9,M_1001,PAY_42_9,2026-08-21T05:31:55.729676Z,cash,24412,0,payment recorded,INR
JE_PAY_42_10,M_1001,PAY_42_10,2026-08-08T05:31:55.729679Z,cash,90265,0,payment recorded,INR
JE_PAY_42_11,M_1001,PAY_42_11,2026-08-12T05:31:55.729683Z,cash,120535,0,payment recorded,INR
JE_PAY_42_12,M_1001,PAY_42_12,2026-08-24T05:31:55.729686Z,cash,144814,0,payment recorded,INR
JE_PAY_42_13,M_1001,PAY_42_13,2026-08-10T05:31:55.729690Z,cash,94900,0,payment recorded,INR
JE_PAY_42_14,M_1001,PAY_42_14,2026-08-11T05:31:55.729693Z,cash,12112,0,payment recorded,INR
JE_PAY_42_15,M_1001,PAY_42_15,2026-07-29T05:31:55.729700Z,cash,61124,0,payment recorded,INR
JE_PAY_42_16,M_1001,PAY_42_16,2026-08-03T05:31:55.729704Z,cash,118958,0,payment recorded,INR
JE_PAY_42_17,M_1001,PAY_42_17,2026-08-27T05:31:55.729708Z,cash,97140,0,payment recorded,INR
JE_PAY_42_18,M_1001,PAY_42_18,2026-08-28T05:31:55.729711Z,cash,184077,0,payment recorded,INR
JE_PAY_42_19,M_1001,PAY_42_19,2026-08-26T05:31:55.729715Z,cash,159780,0,payment recorded,INR
JE_PAY_42_20,M_1001,PAY_42_20,2026-08-03T05:31:55.729718Z,cash,64275,0,payment recorded,INR
JE_PAY_42_21,M_1001,PAY_42_21,2026-08-18T05:31:55.729721Z,cash,167872,0,payment recorded,INR
JE_PAY_42_22,M_1001,PAY_42_22,2026-08-08T05:31:55.729725Z,cash,85108,0,payment recorded,INR
JE_PAY_42_23,M_1001,PAY_42_23,2026-08-02T05:31:55.729728Z,cash,8514,0,payment recorded,INR
JE_PAY_42_24,M_1001,PAY_42_24,2026-08-27T05:31:55.729731Z,cash,17450,0,payment recorded,INR
JE_PAY_42_25,M_1001,PAY_42_25,2026-08-02T05:31:55.729735Z,cash,188296,0,payment recorded,INR
JE_PAY_42_26,M_1001,PAY_42_26,2026-08-28T05:31:55.729738Z,cash,103812,0,payment recorded,INR
JE_PAY_42_27,M_1001,PAY_42_27,2026-08-24T05:31:55.729743Z,cash,37552,0,payment recorded,INR
JE_PAY_42_28,M_1001,PAY_42_28,2026-08-11T05:31:55.729747Z,cash,147259,0,payment recorded,INR
JE_PAY_42_29,M_1001,PAY_42_29,2026-07-30T05:31:55.729750Z,cash,112411,0,payment recorded,INR
JE_PAY_42_30,M_1001,PAY_42_30,2026-08-19T05:31:55.729754Z,cash,129472,0,payment recorded,INR
JE_PAY_42_31,M_1001,PAY_42_31,2026-08-12T05:31:55.729757Z,cash,28843,0,payment recorded,INR
JE_PAY_42_32,M_1001,PAY_42_32,2026-08-18T05:31:55.729760Z,cash,178484,0,payment recorded,INR
JE_PAY_42_33,M_1001,PAY_42_33,2026-07-29T05:31:55.729764Z,cash,100139,0,payment recorded,INR
JE_PAY_42_34,M_1001,PAY_42_34,2026-08-06T05:31:55.729767Z,cash,189032,0,payment recorded,INR
JE_PAY_42_35,M_1001,PAY_42_35,2026-07-30T05:31:55.729770Z,cash,70046,0,payment recorded,INR
JE_PAY_42_36,M_1001,PAY_42_36,2026-08-04T05:31:55.729773Z,cash,77039,0,payment recorded,INR
JE_PAY_42_37,M_1001,PAY_42_37,2026-08-26T05:31:55.729776Z,cash,189392,0,payment recorded,INR
JE_PAY_42_38,M_1001,PAY_42_38,2026-08-16T05:31:55.729780Z,cash,199843,0,payment recorded,INR
JE_PAY_42_39,M_1001,PAY_42_39,2026-08-06T05:31:55.729783Z,cash,164018,0,payment recorded,INR
JE_PAY_42_40,M_1001,PAY_42_40,2026-08-13T05:31:55.729786Z,cash,159737,0,payment recorded,INR
JE_PAY_42_41,M_1001,PAY_42_41,2026-08-17T05:31:55.729789Z,cash,42449,0,payment recorded,INR
JE_PAY_42_42,M_1001,PAY_42_42,2026-08-24T05:31:55.729793Z,cash,249,0,payment recorded,INR
JE_PAY_42_43,M_1001,PAY_42_43,2026-08-13T05:31:55.729796Z,cash,29425,0,payment recorded,INR
JE_PAY_42_44,M_1001,PAY_42_44,2026-08-14T05:31:55.729799Z,cash,15284,0,payment recorded,INR
JE_PAY_42_45,M_1001,PAY_42_45,2026-08-02T05:31:55.729803Z,cash,20745,0,payment recorded,INR
JE_PAY_42_46,M_1001,PAY_42_46,2026-08-26T05:31:55.729806Z,cash,33067,0,payment recorded,INR
JE_PAY_42_47,M_1001,PAY_42_47,2026-08-14T05:31:55.729811Z,cash,144227,0,payment recorded,INR
JE_PAY_42_48,M_1001,PAY_42_48,2026-08-05T05:31:55.729814Z,cash,159114,0,payment recorded,INR
JE_PAY_42_49,M_1001,PAY_42_49,2026-08-06T05:31:55.729817Z,cash,141473,0,payment recorded,INR
JE_PAY_42_50,M_1001,PAY_42_50,2026-08-11T05:31:55.729820Z,cash,186995,0,payment recorded,INR
JE_PAY_42_51,M_1001,PAY_42_51,2026-08-09T05:31:55.729823Z,cash,97989,0,payment recorded,INR
JE_PAY_42_52,M_1001,PAY_42_52,2026-08-25T05:31:55.729826Z,cash,31820,0,payment recorded,INR
JE_PAY_42_53,M_1001,PAY_42_53,2026-08-15T05:31:55.729830Z,cash,5614,0,payment recorded,INR
JE_PAY_42_54,M_1001,PAY_42_54,2026-08-21T05:31:55.729833Z,cash,15533,0,payment recorded,INR
JE_PAY_42_55,M_1001,PAY_42_55,2026-08-18T05:31:55.729836Z,cash,86719,0,payment recorded,INR
JE_PAY_42_56,M_1001,PAY_42_56,2026-08-12T05:31:55.729839Z,cash,175468,0,payment recorded,INR
JE_PAY_42_57,M_1001,PAY_42_57,2026-08-14T05:31:55.729842Z,cash,189722,0,payment recorded,INR
JE_PAY_42_58,M_1001,PAY_42_58,2026-08-04T05:31:55.729846Z,cash,124007,0,payment recorded,INR
JE_PAY_42_59,M_1001,PAY_42_59,2026-08-06T05:31:55.729851Z,cash,106808,0,payment recorded,INR
JE_PAY_42_60,M_1001,PAY_42_60,2026-08-20T05:31:55.729854Z,cash,113097,0,payment recorded,INR
JE_PAY_42_61,M_1001,PAY_42_61,2026-08-24T05:31:55.729857Z,cash,191222,0,payment recorded,INR
JE_PAY_42_62,M_1001,PAY_42_62,2026-08-25T05:31:55.729860Z,cash,25899,0,payment recorded,INR
JE_PAY_42_63,M_1001,PAY_42_63,2026-08-09T05:31:55.729864Z,cash,28744,0,payment recorded,INR
JE_PAY_42_64,M_1001,PAY_42_64,2026-08-17T05:31:55.729867Z,cash,117701,0,payment recorded,INR
JE_PAY_42_65,M_1001,PAY_42_65,2026-07-31T05:31:55.729870Z,cash,121375,0,payment recorded,INR
JE_PAY_42_66,M_1001,PAY_42_66,2026-08-26T05:31:55.729874Z,cash,144364,0,payment recorded,INR
JE_PAY_42_67,M_1001,PAY_42_67,2026-08-09T05:31:55.729877Z,cash,62065,0,payment recorded,INR
JE_PAY_42_68,M_1001,PAY_42_68,2026-08-18T05:31:55.729880Z,cash,56132,0,payment recorded,INR
JE_PAY_42_69,M_1001,PAY_42_69,2026-08-14T05:31:55.729883Z,cash,119377,0,payment recorded,INR
JE_PAY_42_70,M_1001,PAY_42_70,2026-08-01T05:31:55.729886Z,cash,188426,0,payment recorded,INR
JE_PAY_42_71,M_1001,PAY_42_71,2026-08-16T05:31:55.729889Z,cash,142233,0,payment recorded,INR
JE_PAY_42_72,M_1001,PAY_42_72,2026-08-23T05:31:55.729893Z,cash,13244,0,payment recorded,INR
JE_PAY_42_73,M_1001,PAY_42_73,2026-08-16T05:31:55.729896Z,cash,139331,0,payment recorded,INR
JE_PAY_42_74,M_1001,PAY_42_74,2026-08-19T05:31:55.729899Z,cash,48812,0,payment recorded,INR
JE_PAY_42_75,M_1001,PAY_42_75,2026-08-17T05:31:55.729902Z,cash,61757,0,payment recorded,INR
JE_PAY_42_76,M_1001,PAY_42_76,2026-08-04T05:31:55.729905Z,cash,151860,0,payment recorded,INR
JE_PAY_42_77,M_1001,PAY_42_77,2026-08-04T05:31:55.729910Z,cash,109997,0,payment recorded,INR
JE_PAY_42_78,M_1001,PAY_42_78,2026-08-22T05:31:55.729914Z,cash,83034,0,payment recorded,INR
JE_PAY_42_79,M_1001,PAY_42_79,2026-08-02T05:31:55.729919Z,cash,187845,0,payment recorded,INR
JE_PAY_42_80,M_1001,PAY_42_80,2026-08-25T05:31:55.729922Z,cash,34408,0,payment recorded,INR
JE_PAY_42_81,M_1001,PAY_42_81,2026-08-10T05:31:55.729925Z,cash,82983,0,payment recorded,INR
JE_PAY_42_82,M_1001,PAY_42_82,2026-08-21T05:31:55.729929Z,cash,120236,0,payment recorded,INR
JE_PAY_42_83,M_1001,PAY_42_83,2026-08-09T05:31:55.729932Z,cash,19304,0,payment recorded,INR
JE_PAY_42_84,M_1001,PAY_42_84,2026-08-06T05:31:55.729936Z,cash,34822,0,payment recorded,INR
JE_PAY_42_85,M_1001,PAY_42_85,2026-08-06T05:31:55.729939Z,cash,64137,0,payment recorded,INR
JE_PAY_42_86,M_1001,PAY_42_86,2026-08-06T05:31:55.729942Z,cash,142501,0,payment recorded,INR
JE_PAY_42_87,M_1001,PAY_42_87,2026-08-07T05:31:55.729945Z,cash,171535,0,payment recorded,INR
JE_PAY_42_88,M_1001,PAY_42_88,2026-08-18T05:31:55.729953Z,cash,145485,0,payment recorded,INR
JE_PAY_42_89,M_1001,PAY_42_89,2026-08-26T05:31:55.729957Z,cash,35303,0,payment recorded,INR
JE_PAY_42_90,M_1001,PAY_42_90,2026-08-04T05:31:55.729961Z,cash,145124,0,payment recorded,INR
JE_PAY_42_91,M_1001,PAY_42_91,2026-08-19T05:31:55.729965Z,cash,55315,0,payment recorded,INR
JE_PAY_42_92,M_1001,PAY_42_92,2026-08-03T05:31:55.729968Z,cash,166361,0,payment recorded,INR
JE_PAY_42_93,M_1001,PAY_42_93,2026-08-25T05:31:55.729972Z,cash,65929,0,payment recorded,INR
JE_PAY_42_94,M_1001,PAY_42_94,2026-08-17T05:31:55.729975Z,cash,166373,0,payment recorded,INR
JE_PAY_42_95,M_1001,PAY_42_95,2026-08-11T05:31:55.729978Z,cash,1029,0,payment recorded,INR
JE_PAY_42_96,M_1001,PAY_42_96,2026-08-23T05:31:55.729982Z,cash,68770,0,payment recorded,INR
JE_PAY_42_97,M_1001,PAY_42_97,2026-08-17T05:31:55.729985Z,cash,185086,0,payment recorded,INR
JE_PAY_42_98,M_1001,PAY_42_98,2026-08-12T05:31:55.729991Z,cash,19824,0,payment recorded,INR
JE_PAY_42_99,M_1001,PAY_42_99,2026-08-04T05:31:55.729997Z,cash,39173,0,payment recorded,INR
JE_PAY_42_100,M_1001,PAY_42_100,2026-08-07T05:31:55.730001Z,cash,144941,0,payment recorded,INR
JE_PAY_42_101,M_1001,PAY_42_101,2026-08-10T05:31:55.730007Z,cash,80908,0,payment recorded,INR
JE_PAY_42_102,M_1001,PAY_42_102,2026-08-08T05:31:55.730012Z,cash,93897,0,payment recorded,INR
JE_PAY_42_103,M_1001,PAY_42_103,2026-08-10T05:31:55.730017Z,cash,27046,0,payment recorded,INR
JE_PAY_42_104,M_1001,PAY_42_104,2026-08-02T05:31:55.730020Z,cash,62159,0,payment recorded,INR
JE_PAY_42_105,M_1001,PAY_42_105,2026-08-23T05:31:55.730024Z,cash,87180,0,payment recorded,INR
JE_PAY_42_106,M_1001,PAY_42_106,2026-08-05T05:31:55.730027Z,cash,175712,0,payment recorded,INR
JE_PAY_42_107,M_1001,PAY_42_107,2026-08-11T05:31:55.730030Z,cash,41832,0,payment recorded,INR
JE_PAY_42_108,M_1001,PAY_42_108,2026-08-22T05:31:55.730033Z,cash,10251,0,payment recorded,INR
JE_PAY_42_109,M_1001,PAY_42_109,2026-08-26T05:31:55.730037Z,cash,120765,0,payment recorded,INR
JE_PAY_42_110,M_1001,PAY_42_110,2026-08-16T05:31:55.730041Z,cash,6303,0,payment recorded,INR
JE_PAY_42_111,M_1001,PAY_42_111,2026-08-25T05:31:55.730045Z,cash,73134,0,payment recorded,INR
JE_PAY_42_112,M_1001,PAY_42_112,2026-08-05T05:31:55.730049Z,cash,168260,0,payment recorded,INR
JE_PAY_42_113,M_1001,PAY_42_113,2026-08-01T05:31:55.730052Z,cash,140665,0,payment recorded,INR
JE_PAY_42_114,M_1001,PAY_42_114,2026-08-18T05:31:55.730055Z,cash,68575,0,payment recorded,INR
JE_PAY_42_115,M_1001,PAY_42_115,2026-08-23T05:31:55.730059Z,cash,28517,0,payment recorded,INR
JE_PAY_42_116,M_1001,PAY_42_116,2026-08-10T05:31:55.730062Z,cash,82328,0,payment recorded,INR
JE_PAY_42_117,M_1001,PAY_42_117,2026-08-28T05:31:55.730065Z,cash,101076,0,payment recorded,INR
JE_PAY_42_118,M_1001,PAY_42_118,2026-08-07T05:31:55.730069Z,cash,11735,0,payment recorded,INR
JE_PAY_42_119,M_1001,PAY_42_119,2026-08-06T05:31:55.730072Z,cash,141251,0,payment recorded,INR
JE_PAY_42_120,M_1001,PAY_42_120,2026-07-31T05:31:55.730075Z,cash,175901,0,payment recorded,INR
JE_PAY_42_121,M_1001,PAY_42_121,2026-08-23T05:31:55.730079Z,cash,174225,0,payment recorded,INR
JE_PAY_42_122,M_1001,PAY_42_122,2026-08-01T05:31:55.730084Z,cash,174003,0,payment recorded,INR
JE_PAY_42_123,M_1001,PAY_42_123,2026-08-19T05:31:55.730088Z,cash,78827,0,payment recorded,INR
JE_PAY_42_124,M_1001,PAY_42_124,2026-08-16T05:31:55.730091Z,cash,85606,0,payment recorded,INR
JE_PAY_42_125,M_1001,PAY_42_125,2026-08-10T05:31:55.730094Z,cash,33467,0,payment recorded,INR
JE_PAY_42_126,M_1001,PAY_42_126,2026-08-07T05:31:55.730098Z,cash,99490,0,payment recorded,INR
JE_PAY_42_127,M_1001,PAY_42_127,2026-07-29T05:31:55.730102Z,cash,149287,0,payment recorded,INR
JE_PAY_42_128,M_1001,PAY_42_128,2026-07-29T05:31:55.730105Z,cash,206,0,payment recorded,INR
JE_PAY_42_129,M_1001,PAY_42_129,2026-08-28T05:31:55.730109Z,cash,152139,0,payment recorded,INR
JE_PAY_42_130,M_1001,PAY_42_130,2026-08-12T05:31:55.730113Z,cash,115911,0,payment recorded,INR
JE_PAY_42_131,M_1001,PAY_42_131,2026-08-08T05:31:55.730117Z,cash,124142,0,payment recorded,INR
JE_PAY_42_132,M_1001,PAY_42_132,2026-08-05T05:31:55.730120Z,cash,172813,0,payment recorded,INR
JE_PAY_42_133,M_1001,PAY_42_133,2026-08-27T05:31:55.730123Z,cash,166021,0,payment recorded,INR
JE_PAY_42_134,M_1001,PAY_42_134,2026-08-22T05:31:55.730127Z,cash,197006,0,payment recorded,INR
JE_PAY_42_135,M_1001,PAY_42_135,2026-08-04T05:31:55.730130Z,cash,52300,0,payment recorded,INR
JE_PAY_42_136,M_1001,PAY_42_136,2026-08-21T05:31:55.730133Z,cash,124654,0,payment recorded,INR
JE_PAY_42_137,M_1001,PAY_42_137,2026-08-17T05:31:55.730137Z,cash,108743,0,payment recorded,INR
JE_PAY_42_138,M_1001,PAY_42_138,2026-07-29T05:31:55.730148Z,cash,188410,0,payment recorded,INR
JE_PAY_42_139,M_1001,PAY_42_139,2026-08-26T05:31:55.730152Z,cash,64059,0,payment recorded,INR
JE_PAY_42_140,M_1001,PAY_42_140,2026-08-26T05:31:55.730156Z,cash,196960,0,payment recorded,INR
JE_PAY_42_141,M_1001,PAY_42_141,2026-08-16T05:31:55.730159Z,cash,111549,0,payment recorded,INR
JE_PAY_42_142,M_1001,PAY_42_142,2026-08-14T05:31:55.730162Z,cash,121878,0,payment recorded,INR
JE_PAY_42_143,M_1001,PAY_42_143,2026-08-08T05:31:55.730168Z,cash,31913,0,payment recorded,INR
JE_PAY_42_144,M_1001,PAY_42_144,2026-08-23T05:31:55.730171Z,cash,198084,0,payment recorded,INR
JE_PAY_42_145,M_1001,PAY_42_145,2026-08-24T05:31:55.730174Z,cash,188653,0,payment recorded,INR
JE_PAY_42_146,M_1001,PAY_42_146,2026-08-04T05:31:55.730177Z,cash,143721,0,payment recorded,INR
JE_PAY_42_147,M_1001,PAY_42_147,2026-08-16T05:31:55.730181Z,cash,124533,0,payment recorded,INR
JE_PAY_42_148,M_1001,PAY_42_148,2026-08-11T05:31:55.730185Z,cash,167259,0,payment recorded,INR
JE_PAY_42_149,M_1001,PAY_42_149,2026-08-04T05:31:55.730188Z,cash,164398,0,payment recorded,INR
JE_PAY_42_150,M_1001,PAY_42_150,2026-08-01T05:31:55.730193Z,cash,187151,0,payment recorded,INR
JE_PAY_42_151,M_1001,PAY_42_151,2026-08-02T05:31:55.730196Z,cash,83909,0,payment recorded,INR
JE_PAY_42_152,M_1001,PAY_42_152,2026-08-20T05:31:55.730200Z,cash,39639,0,payment recorded,INR
JE_PAY_42_153,M_1001,PAY_42_153,2026-08-05T05:31:55.730203Z,cash,185283,0,payment recorded,INR
JE_PAY_42_154,M_1001,PAY_42_154,2026-08-07T05:31:55.730208Z,cash,86838,0,payment recorded,INR
JE_PAY_42_155,M_1001,PAY_42_155,2026-08-13T05:31:55.730212Z,cash,54320,0,payment recorded,INR
JE_PAY_42_156,M_1001,PAY_42_156,2026-08-16T05:31:55.730215Z,cash,153212,0,payment recorded,INR
JE_PAY_42_157,M_1001,PAY_42_157,2026-08-06T05:31:55.730218Z,cash,151013,0,payment recorded,INR
JE_PAY_42_158,M_1001,PAY_42_158,2026-08-24T05:31:55.730221Z,cash,92311,0,payment recorded,INR
JE_PAY_42_159,M_1001,PAY_42_159,2026-08-03T05:31:55.730225Z,cash,109943,0,payment recorded,INR
JE_PAY_42_160,M_1001,PAY_42_160,2026-08-16T05:31:55.730228Z,cash,158239,0,payment recorded,INR
JE_PAY_42_161,M_1001,PAY_42_161,2026-08-07T05:31:55.730232Z,cash,71648,0,payment recorded,INR
JE_PAY_42_162,M_1001,PAY_42_162,2026-08-19T05:31:55.730235Z,cash,88214,0,payment recorded,INR
JE_PAY_42_163,M_1001,PAY_42_163,2026-08-16T05:31:55.730238Z,cash,43365,0,payment recorded,INR
JE_PAY_42_164,M_1001,PAY_42_164,2026-08-24T05:31:55.730242Z,cash,148051,0,payment recorded,INR
JE_PAY_42_165,M_1001,PAY_42_165,2026-08-16T05:31:55.730245Z,cash,112458,0,payment recorded,INR
JE_PAY_42_166,M_1001,PAY_42_166,2026-08-27T05:31:55.730248Z,cash,13281,0,payment recorded,INR
JE_PAY_42_167,M_1001,PAY_42_167,2026-08-25T05:31:55.730252Z,cash,119296,0,payment recorded,INR
JE_PAY_42_168,M_1001,PAY_42_168,2026-08-27T05:31:55.730255Z,cash,99485,0,payment recorded,INR
JE_PAY_42_169,M_1001,PAY_42_169,2026-08-22T05:31:55.730258Z,cash,21571,0,payment recorded,INR
JE_PAY_42_170,M_1001,PAY_42_170,2026-08-25T05:31:55.730261Z,cash,170531,0,payment recorded,INR
JE_PAY_42_171,M_1001,PAY_42_171,2026-08-16T05:31:55.730265Z,cash,5442,0,payment recorded,INR
JE_PAY_42_172,M_1001,PAY_42_172,2026-08-02T05:31:55.730268Z,cash,124241,0,payment recorded,INR
JE_PAY_42_173,M_1001,PAY_42_173,2026-08-18T05:31:55.730272Z,cash,57238,0,payment recorded,INR
JE_PAY_42_174,M_1001,PAY_42_174,2026-08-20T05:31:55.730277Z,cash,96803,0,payment recorded,INR
JE_PAY_42_175,M_1001,PAY_42_175,2026-08-08T05:31:55.730284Z,cash,196164,0,payment recorded,INR
JE_PAY_42_176,M_1001,PAY_42_176,2026-08-09T05:31:55.730288Z,cash,81636,0,payment recorded,INR
JE_PAY_42_177,M_1001,PAY_42_177,2026-08-05T05:31:55.730291Z,cash,81877,0,payment recorded,INR
JE_PAY_42_178,M_1001,PAY_42_178,2026-08-02T05:31:55.730294Z,cash,187536,0,payment recorded,INR
JE_PAY_42_179,M_1001,PAY_42_179,2026-07-31T05:31:55.730298Z,cash,164527,0,payment recorded,INR
JE_PAY_42_180,M_1001,PAY_42_180,2026-08-12T05:31:55.730302Z,cash,79158,0,payment recorded,INR
JE_PAY_42_181,M_1001,PAY_42_181,2026-07-30T05:31:55.730305Z,cash,31833,0,payment recorded,INR
JE_PAY_42_182,M_1001,PAY_42_182,2026-08-18T05:31:55.730309Z,cash,10866,0,payment recorded,INR
JE_PAY_42_183,M_1001,PAY_42_183,2026-08-27T05:31:55.730312Z,cash,97242,0,payment recorded,INR
JE_PAY_42_184,M_1001,PAY_42_184,2026-08-16T05:31:55.730316Z,cash,3416,0,payment recorded,INR
JE_PAY_42_185,M_1001,PAY_42_185,2026-08-21T05:31:55.730320Z,cash,120617,0,payment recorded,INR
JE_PAY_42_186,M_1001,PAY_42_186,2026-08-20T05:31:55.730324Z,cash,192460,0,payment recorded,INR
JE_PAY_42_187,M_1001,PAY_42_187,2026-08-16T05:31:55.730327Z,cash,161557,0,payment recorded,INR
JE_PAY_42_188,M_1001,PAY_42_188,2026-08-13T05:31:55.730331Z,cash,126845,0,payment recorded,INR
JE_PAY_42_189,M_1001,PAY_42_189,2026-08-19T05:31:55.730334Z,cash,70458,0,payment recorded,INR
JE_PAY_42_190,M_1001,PAY_42_190,2026-08-19T05:31:55.730339Z,cash,22818,0,payment recorded,INR
JE_PAY_42_191,M_1001,PAY_42_191,2026-08-11T05:31:55.730342Z,cash,196832,0,payment recorded,INR
JE_PAY_42_192,M_1001,PAY_42_192,2026-08-27T05:31:55.730346Z,cash,99449,0,payment recorded,INR
JE_PAY_42_193,M_1001,PAY_42_193,2026-08-21T05:31:55.730349Z,cash,85300,0,payment recorded,INR
JE_PAY_42_194,M_1001,PAY_42_194,2026-08-28T05:31:55.730353Z,cash,67825,0,payment recorded,INR
JE_PAY_42_195,M_1001,PAY_42_195,2026-07-31T05:31:55.730356Z,cash,72522,0,payment recorded,INR
JE_PAY_42_196,M_1001,PAY_42_196,2026-08-09T05:31:55.730360Z,cash,50184,0,payment recorded,INR
JE_PAY_42_197,M_1001,PAY_42_197,2026-08-18T05:31:55.730364Z,cash,128177,0,payment recorded,INR
JE_PAY_42_198,M_1001,PAY_42_198,2026-07-30T05:31:55.730367Z,cash,124904,0,payment recorded,INR
JE_PAY_42_199,M_1001,PAY_42_199,2026-07-31T05:31:55.730370Z,cash,4620,0,payment recorded,INR
JE_PAY_42_200,M_1001,PAY_42_200,2026-07-30T05:31:55.730374Z,cash,181447,0,payment recorded,INR
JE_PAY_42_201,M_1001,PAY_42_201,2026-08-01T05:31:55.730377Z,cash,96836,0,payment recorded,INR
JE_PAY_42_202,M_1001,PAY_42_202,2026-08-07T05:31:55.730381Z,cash,92325,0,payment recorded,INR
JE_PAY_42_203,M_1001,PAY_42_203,2026-08-16T05:31:55.730385Z,cash,66003,0,payment recorded,INR
JE_PAY_42_204,M_1001,PAY_42_204,2026-08-20T05:31:55.730388Z,cash,82819,0,payment recorded,INR
JE_PAY_42_205,M_1001,PAY_42_205,2026-08-05T05:31:55.730391Z,cash,199903,0,payment recorded,INR
JE_PAY_42_206,M_1001,PAY_42_206,2026-08-27T05:31:55.730397Z,cash,193720,0,payment recorded,INR
JE_PAY_42_207,M_1001,PAY_42_207,2026-08-09T05:31:55.730401Z,cash,199383,0,payment recorded,INR
JE_PAY_42_208,M_1001,PAY_42_208,2026-08-05T05:31:55.730404Z,cash,50986,0,payment recorded,INR
JE_PAY_42_209,M_1001,PAY_42_209,2026-07-30T05:31:55.730408Z,cash,76681,0,payment recorded,INR
JE_PAY_42_210,M_1001,PAY_42_210,2026-08-12T05:31:55.730411Z,cash,197439,0,payment recorded,INR
JE_PAY_42_211,M_1001,PAY_42_211,2026-08-13T05:31:55.730414Z,cash,74637,0,payment recorded,INR
JE_PAY_42_212,M_1001,PAY_42_212,2026-07-30T05:31:55.730417Z,cash,125333,0,payment recorded,INR
JE_PAY_42_213,M_1001,PAY_42_213,2026-08-27T05:31:55.730420Z,cash,129008,0,payment recorded,INR
JE_PAY_42_214,M_1001,PAY_42_214,2026-08-06T05:31:55.730424Z,cash,14153,0,payment recorded,INR
JE_PAY_42_215,M_1001,PAY_42_215,2026-08-04T05:31:55.730428Z,cash,79748,0,payment recorded,INR
JE_PAY_42_216,M_1001,PAY_42_216,2026-08-18T05:31:55.730432Z,cash,146395,0,payment recorded,INR
JE_PAY_42_217,M_1001,PAY_42_217,2026-08-19T05:31:55.730439Z,cash,162214,0,payment recorded,INR
JE_PAY_42_218,M_1001,PAY_42_218,2026-08-08T05:31:55.730443Z,cash,118199,0,payment recorded,INR
JE_PAY_42_219,M_1001,PAY_42_219,2026-08-15T05:31:55.730447Z,cash,162898,0,payment recorded,INR
JE_PAY_42_220,M_1001,PAY_42_220,2026-08-11T05:31:55.730451Z,cash,54570,0,payment recorded,INR
JE_PAY_42_221,M_1001,PAY_42_221,2026-07-30T05:31:55.730455Z,cash,21382,0,payment recorded,INR
JE_PAY_42_222,M_1001,PAY_42_222,2026-07-30T05:31:55.730458Z,cash,19777,0,payment recorded,INR
JE_PAY_42_223,M_1001,PAY_42_223,2026-08-28T05:31:55.730462Z,cash,180814,0,payment recorded,INR
JE_PAY_42_224,M_1001,PAY_42_224,2026-08-01T05:31:55.730467Z,cash,60780,0,payment recorded,INR
JE_PAY_42_225,M_1001,PAY_42_225,2026-08-02T05:31:55.730472Z,cash,119121,0,payment recorded,INR
JE_PAY_42_226,M_1001,PAY_42_226,2026-08-26T05:31:55.730475Z,cash,69451,0,payment recorded,INR
JE_PAY_42_227,M_1001,PAY_42_227,2026-08-24T05:31:55.730479Z,cash,173425,0,payment recorded,INR
JE_PAY_42_228,M_1001,PAY_42_228,2026-08-08T05:31:55.730483Z,cash,30187,0,payment recorded,INR
JE_PAY_42_229,M_1001,PAY_42_229,2026-08-03T05:31:55.730487Z,cash,69733,0,payment recorded,INR
JE_PAY_42_230,M_1001,PAY_42_230,2026-08-09T05:31:55.730491Z,cash,43595,0,payment recorded,INR
JE_PAY_42_231,M_1001,PAY_42_231,2026-08-09T05:31:55.730494Z,cash,149314,0,payment recorded,INR
JE_PAY_42_232,M_1001,PAY_42_232,2026-08-06T05:31:55.730498Z,cash,122966,0,payment recorded,INR
JE_PAY_42_233,M_1001,PAY_42_233,2026-08-22T05:31:55.730502Z,cash,71467,0,payment recorded,INR
JE_PAY_42_234,M_1001,PAY_42_234,2026-08-28T05:31:55.730506Z,cash,21187,0,payment recorded,INR
JE_PAY_42_235,M_1001,PAY_42_235,2026-08-17T05:31:55.730511Z,cash,84594,0,payment recorded,INR
JE_PAY_42_236,M_1001,PAY_42_236,2026-07-30T05:31:55.730515Z,cash,70750,0,payment recorded,INR
JE_PAY_42_237,M_1001,PAY_42_237,2026-08-19T05:31:55.730519Z,cash,123438,0,payment recorded,INR
JE_PAY_42_238,M_1001,PAY_42_238,2026-08-23T05:31:55.730526Z,cash,73017,0,payment recorded,INR
JE_PAY_42_239,M_1001,PAY_42_239,2026-08-07T05:31:55.730530Z,cash,166505,0,payment recorded,INR
JE_PAY_42_240,M_1001,PAY_42_240,2026-08-28T05:31:55.730534Z,cash,91315,0,payment recorded,INR
JE_PAY_42_241,M_1001,PAY_42_241,2026-08-28T05:31:55.730537Z,cash,27520,0,payment recorded,INR
JE_PAY_42_242,M_1001,PAY_42_242,2026-08-07T05:31:55.730541Z,cash,181942,0,payment recorded,INR
JE_PAY_42_243,M_1001,PAY_42_243,2026-08-11T05:31:55.730545Z,cash,105076,0,payment recorded,INR
JE_PAY_42_244,M_1001,PAY_42_244,2026-08-05T05:31:55.730549Z,cash,119329,0,payment recorded,INR
JE_PAY_42_245,M_1001,PAY_42_245,2026-08-08T05:31:55.730553Z,cash,134998,0,payment recorded,INR
JE_PAY_42_246,M_1001,PAY_42_246,2026-08-06T05:31:55.730558Z,cash,142337,0,payment recorded,INR
JE_PAY_42_247,M_1001,PAY_42_247,2026-08-16T05:31:55.730561Z,cash,136005,0,payment recorded,INR
JE_PAY_42_248,M_1001,PAY_42_248,2026-08-26T05:31:55.730566Z,cash,164047,0,payment recorded,INR
JE_PAY_42_249,M_1001,PAY_42_249,2026-08-09T05:31:55.730572Z,cash,70107,0,payment recorded,INR
JE_PAY_42_250,M_1001,PAY_42_250,2026-08-21T05:31:55.730576Z,cash,183142,0,payment recorded,INR
JE_PAY_42_251,M_1001,PAY_42_251,2026-08-04T05:31:55.730580Z,cash,159712,0,payment recorded,INR
JE_PAY_42_252,M_1001,PAY_42_252,2026-08-11T05:31:55.730584Z,cash,81561,0,payment recorded,INR
JE_PAY_42_253,M_1001,PAY_42_253,2026-08-25T05:31:55.730588Z,cash,24534,0,payment recorded,INR
JE_PAY_42_254,M_1001,PAY_42_254,2026-08-09T05:31:55.730592Z,cash,30893,0,payment recorded,INR
JE_PAY_42_255,M_1001,PAY_42_255,2026-08-17T05:31:55.730595Z,cash,187953,0,payment recorded,INR
JE_PAY_42_256,M_1001,PAY_42_256,2026-08-05T05:31:55.730598Z,cash,109018,0,payment recorded,INR
JE_PAY_42_257,M_1001,PAY_42_257,2026-08-08T05:31:55.730603Z,cash,119843,0,payment recorded,INR
JE_PAY_42_258,M_1001,PAY_42_258,2026-08-28T05:31:55.730607Z,cash,157223,0,payment recorded,INR
JE_PAY_42_259,M_1001,PAY_42_259,2026-08-15T05:31:55.730611Z,cash,18400,0,payment recorded,INR
JE_PAY_42_260,M_1001,PAY_42_260,2026-08-08T05:31:55.730615Z,cash,133200,0,payment recorded,INR
JE_PAY_42_261,M_1001,PAY_42_261,2026-08-24T05:31:55.730622Z,cash,190429,0,payment recorded,INR
JE_PAY_42_262,M_1001,PAY_42_262,2026-08-22T05:31:55.730626Z,cash,173099,0,payment recorded,INR
JE_PAY_42_263,M_1001,PAY_42_263,2026-08-27T05:31:55.730631Z,cash,141285,0,payment recorded,INR
JE_PAY_42_264,M_1001,PAY_42_264,2026-08-18T05:31:55.730635Z,cash,142556,0,payment recorded,INR
JE_PAY_42_265,M_1001,PAY_42_265,2026-08-09T05:31:55.730639Z,cash,100493,0,payment recorded,INR
JE_PAY_42_266,M_1001,PAY_42_266,2026-08-24T05:31:55.730642Z,cash,83508,0,payment recorded,INR
JE_PAY_42_267,M_1001,PAY_42_267,2026-08-06T05:31:55.730646Z,cash,100037,0,payment recorded,INR
JE_PAY_42_268,M_1001,PAY_42_268,2026-08-13T05:31:55.730649Z,cash,9804,0,payment recorded,INR
JE_PAY_42_269,M_1001,PAY_42_269,2026-08-20T05:31:55.730652Z,cash,26409,0,payment recorded,INR
JE_PAY_42_270,M_1001,PAY_42_270,2026-08-16T05:31:55.730659Z,cash,137974,0,payment recorded,INR
JE_PAY_42_271,M_1001,PAY_42_271,2026-08-08T05:31:55.730663Z,cash,37889,0,payment recorded,INR
JE_PAY_42_272,M_1001,PAY_42_272,2026-08-23T05:31:55.730668Z,cash,19715,0,payment recorded,INR
JE_PAY_42_273,M_1001,PAY_42_273,2026-08-19T05:31:55.730672Z,cash,163483,0,payment recorded,INR
JE_PAY_42_274,M_1001,PAY_42_274,2026-07-30T05:31:55.730675Z,cash,86231,0,payment recorded,INR
JE_PAY_42_275,M_1001,PAY_42_275,2026-08-25T05:31:55.730679Z,cash,83110,0,payment recorded,INR
JE_PAY_42_276,M_1001,PAY_42_276,2026-08-23T05:31:55.730682Z,cash,165555,0,payment recorded,INR
JE_PAY_42_277,M_1001,PAY_42_277,2026-08-18T05:31:55.730686Z,cash,195860,0,payment recorded,INR
JE_PAY_42_278,M_1001,PAY_42_278,2026-08-21T05:31:55.730689Z,cash,166233,0,payment recorded,INR
JE_PAY_42_279,M_1001,PAY_42_279,2026-08-19T05:31:55.730693Z,cash,43711,0,payment recorded,INR
JE_PAY_42_280,M_1001,PAY_42_280,2026-08-04T05:31:55.730696Z,cash,85132,0,payment recorded,INR
JE_PAY_42_281,M_1001,PAY_42_281,2026-08-19T05:31:55.730701Z,cash,98362,0,payment recorded,INR
JE_PAY_42_282,M_1001,PAY_42_282,2026-08-18T05:31:55.730705Z,cash,108116,0,payment recorded,INR
JE_PAY_42_283,M_1001,PAY_42_283,2026-08-17T05:31:55.730709Z,cash,45993,0,payment recorded,INR
JE_PAY_42_284,M_1001,PAY_42_284,2026-08-10T05:31:55.730713Z,cash,179179,0,payment recorded,INR
JE_PAY_42_285,M_1001,PAY_42_285,2026-08-05T05:31:55.730716Z,cash,60966,0,payment recorded,INR
JE_PAY_42_286,M_1001,PAY_42_286,2026-08-01T05:31:55.730720Z,cash,67032,0,payment recorded,INR
JE_PAY_42_287,M_1001,PAY_42_287,2026-08-09T05:31:55.730723Z,cash,75500,0,payment recorded,INR
JE_PAY_42_288,M_1001,PAY_42_288,2026-08-08T05:31:55.730727Z,cash,115896,0,payment recorded,INR
JE_PAY_42_289,M_1001,PAY_42_289,2026-08-07T05:31:55.730730Z,cash,119856,0,payment recorded,INR
JE_PAY_42_290,M_1001,PAY_42_290,2026-08-26T05:31:55.730734Z,cash,126770,0,payment recorded,INR
JE_PAY_42_291,M_1001,PAY_42_291,2026-08-13T05:31:55.730737Z,cash,94198,0,payment recorded,INR
JE_PAY_42_292,M_1001,PAY_42_292,2026-08-09T05:31:55.730741Z,cash,130314,0,payment recorded,INR
JE_PAY_42_293,M_1001,PAY_42_293,2026-08-13T05:31:55.730768Z,cash,60424,0,payment recorded,INR
JE_PAY_42_294,M_1001,PAY_42_294,2026-08-11T05:31:55.730788Z,cash,166985,0,payment recorded,INR
JE_PAY_42_295,M_1001,PAY_42_295,2026-08-20T05:31:55.730793Z,cash,198170,0,payment recorded,INR
JE_PAY_42_296,M_1001,PAY_42_296,2026-08-10T05:31:55.730797Z,cash,35955,0,payment recorded,INR
JE_PAY_42_297,M_1001,PAY_42_297,2026-08-21T05:31:55.730800Z,cash,10434,0,payment recorded,INR
JE_PAY_42_298,M_1001,PAY_42_298,2026-08-09T05:31:55.730803Z,cash,152031,0,payment recorded,INR
JE_PAY_42_299,M_1001,PAY_42_299,2026-07-30T05:31:55.730806Z,cash,77461,0,payment recorded,INR
JE_PAY_42_300,M_1001,PAY_42_300,2026-08-15T05:31:55.730810Z,cash,52737,0,payment recorded,INR
JE_PAY_42_301,M_1001,PAY_42_301,2026-08-13T05:31:55.730813Z,cash,96007,0,payment recorded,INR
JE_PAY_42_302,M_1001,PAY_42_302,2026-08-03T05:31:55.730819Z,cash,43234,0,payment recorded,INR
JE_PAY_42_303,M_1001,PAY_42_303,2026-08-08T05:31:55.730822Z,cash,77469,0,payment recorded,INR
JE_PAY_42_304,M_1001,PAY_42_304,2026-08-15T05:31:55.730826Z,cash,30291,0,payment recorded,INR
JE_PAY_42_305,M_1001,PAY_42_305,2026-07-30T05:31:55.730829Z,cash,23772,0,payment recorded,INR
JE_PAY_42_306,M_1001,PAY_42_306,2026-08-12T05:31:55.730832Z,cash,140759,0,payment recorded,INR
JE_PAY_42_307,M_1001,PAY_42_307,2026-08-15T05:31:55.730836Z,cash,196448,0,payment recorded,INR
JE_PAY_42_308,M_1001,PAY_42_308,2026-08-23T05:31:55.730839Z,cash,167491,0,payment recorded,INR
JE_PAY_42_309,M_1001,PAY_42_309,2026-08-01T05:31:55.730842Z,cash,61395,0,payment recorded,INR
JE_PAY_42_310,M_1001,PAY_42_310,2026-08-06T05:31:55.730848Z,cash,147269,0,payment recorded,INR
JE_PAY_42_311,M_1001,PAY_42_311,2026-08-10T05:31:55.730851Z,cash,169878,0,payment recorded,INR
JE_PAY_42_312,M_1001,PAY_42_312,2026-08-03T05:31:55.730854Z,cash,183883,0,payment recorded,INR
JE_PAY_42_313,M_1001,PAY_42_313,2026-08-26T05:31:55.730859Z,cash,129238,0,payment recorded,INR
JE_PAY_42_314,M_1001,PAY_42_314,2026-07-30T05:31:55.730863Z,cash,141014,0,payment recorded,INR
JE_PAY_42_315,M_1001,PAY_42_315,2026-08-21T05:31:55.730866Z,cash,175863,0,payment recorded,INR
JE_PAY_42_316,M_1001,PAY_42_316,2026-08-15T05:31:55.730869Z,cash,141708,0,payment recorded,INR
JE_PAY_42_317,M_1001,PAY_42_317,2026-08-24T05:31:55.730872Z,cash,40607,0,payment recorded,INR
JE_PAY_42_318,M_1001,PAY_42_318,2026-08-24T05:31:55.730875Z,cash,128379,0,payment recorded,INR
JE_PAY_42_319,M_1001,PAY_42_319,2026-08-03T05:31:55.730878Z,cash,181052,0,payment recorded,INR
JE_PAY_42_320,M_1001,PAY_42_320,2026-08-07T05:31:55.730882Z,cash,61995,0,payment recorded,INR
JE_PAY_42_321,M_1001,PAY_42_321,2026-08-26T05:31:55.730885Z,cash,96394,0,payment recorded,INR
JE_PAY_42_322,M_1001,PAY_42_322,2026-08-03T05:31:55.730888Z,cash,15972,0,payment recorded,INR
JE_PAY_42_323,M_1001,PAY_42_323,2026-08-15T05:31:55.730891Z,cash,32123,0,payment recorded,INR
JE_PAY_42_324,M_1001,PAY_42_324,2026-08-27T05:31:55.730894Z,cash,173840,0,payment recorded,INR
JE_PAY_42_325,M_1001,PAY_42_325,2026-08-18T05:31:55.730897Z,cash,5698,0,payment recorded,INR
JE_PAY_42_326,M_1001,PAY_42_326,2026-08-03T05:31:55.730901Z,cash,33110,0,payment recorded,INR
JE_PAY_42_327,M_1001,PAY_42_327,2026-08-09T05:31:55.730904Z,cash,145382,0,payment recorded,INR
JE_PAY_42_328,M_1001,PAY_42_328,2026-08-02T05:31:55.730907Z,cash,61179,0,payment recorded,INR
JE_PAY_42_329,M_1001,PAY_42_329,2026-08-07T05:31:55.730911Z,cash,141714,0,payment recorded,INR
JE_PAY_42_330,M_1001,PAY_42_330,2026-08-26T05:31:55.730914Z,cash,173392,0,payment recorded,INR
JE_PAY_42_331,M_1001,PAY_42_331,2026-08-22T05:31:55.730917Z,cash,94011,0,payment recorded,INR
JE_PAY_42_332,M_1001,PAY_42_332,2026-08-09T05:31:55.730920Z,cash,33328,0,payment recorded,INR
JE_PAY_42_333,M_1001,PAY_42_333,2026-08-18T05:31:55.730923Z,cash,195571,0,payment recorded,INR
JE_PAY_42_334,M_1001,PAY_42_334,2026-08-25T05:31:55.730928Z,cash,95006,0,payment recorded,INR
JE_PAY_42_335,M_1001,PAY_42_335,2026-08-01T05:31:55.730931Z,cash,132178,0,payment recorded,INR
JE_PAY_42_336,M_1001,PAY_42_336,2026-08-12T05:31:55.730934Z,cash,190742,0,payment recorded,INR
JE_PAY_42_337,M_1001,PAY_42_337,2026-08-27T05:31:55.730937Z,cash,79170,0,payment recorded,INR
JE_PAY_42_338,M_1001,PAY_42_338,2026-08-24T05:31:55.730940Z,cash,125662,0,payment recorded,INR
JE_PAY_42_339,M_1001,PAY_42_339,2026-08-03T05:31:55.730944Z,cash,28401,0,payment recorded,INR
JE_PAY_42_340,M_1001,PAY_42_340,2026-08-10T05:31:55.730947Z,cash,21278,0,payment recorded,INR
JE_PAY_42_341,M_1001,PAY_42_341,2026-08-22T05:31:55.730950Z,cash,33180,0,payment recorded,INR
JE_PAY_42_342,M_1001,PAY_42_342,2026-08-20T05:31:55.730953Z,cash,143848,0,payment recorded,INR
JE_PAY_42_343,M_1001,PAY_42_343,2026-08-17T05:31:55.730957Z,cash,139182,0,payment recorded,INR
JE_PAY_42_344,M_1001,PAY_42_344,2026-08-13T05:31:55.730961Z,cash,112874,0,payment recorded,INR
JE_PAY_42_345,M_1001,PAY_42_345,2026-08-19T05:31:55.730964Z,cash,171729,0,payment recorded,INR
JE_PAY_42_346,M_1001,PAY_42_346,2026-08-09T05:31:55.730967Z,cash,56467,0,payment recorded,INR
JE_PAY_42_347,M_1001,PAY_42_347,2026-08-15T05:31:55.730977Z,cash,88948,0,payment recorded,INR
JE_PAY_42_348,M_1001,PAY_42_348,2026-08-03T05:31:55.730981Z,cash,191363,0,payment recorded,INR
JE_PAY_42_349,M_1001,PAY_42_349,2026-08-14T05:31:55.730984Z,cash,174454,0,payment recorded,INR
JE_PAY_42_350,M_1001,PAY_42_350,2026-07-31T05:31:55.730987Z,cash,124426,0,payment recorded,INR
JE_PAY_42_351,M_1001,PAY_42_351,2026-08-24T05:31:55.730991Z,cash,113313,0,payment recorded,INR
JE_PAY_42_352,M_1001,PAY_42_352,2026-08-21T05:31:55.730994Z,cash,34208,0,payment recorded,INR
JE_PAY_42_353,M_1001,PAY_42_353,2026-08-18T05:31:55.730997Z,cash,147316,0,payment recorded,INR
JE_PAY_42_354,M_1001,PAY_42_354,2026-08-19T05:31:55.731001Z,cash,107791,0,payment recorded,INR
JE_PAY_42_355,M_1001,PAY_42_355,2026-08-15T05:31:55.731004Z,cash,196782,0,payment recorded,INR
JE_PAY_42_356,M_1001,PAY_42_356,2026-08-18T05:31:55.731007Z,cash,75500,0,payment recorded,INR
JE_PAY_42_357,M_1001,PAY_42_357,2026-08-18T05:31:55.731011Z,cash,151597,0,payment recorded,INR
JE_PAY_42_358,M_1001,PAY_42_358,2026-08-17T05:31:55.731014Z,cash,126503,0,payment recorded,INR
JE_PAY_42_359,M_1001,PAY_42_359,2026-08-22T05:31:55.731017Z,cash,145921,0,payment recorded,INR
JE_PAY_42_360,M_1001,PAY_42_360,2026-08-23T05:31:55.731020Z,cash,150596,0,payment recorded,INR
JE_PAY_42_361,M_1001,PAY_42_361,2026-08-17T05:31:55.731023Z,cash,177041,0,payment recorded,INR
JE_PAY_42_362,M_1001,PAY_42_362,2026-08-08T05:31:55.731026Z,cash,172546,0,payment recorded,INR
JE_PAY_42_363,M_1001,PAY_42_363,2026-08-28T05:31:55.731029Z,cash,47394,0,payment recorded,INR
JE_PAY_42_364,M_1001,PAY_42_364,2026-07-29T05:31:55.731033Z,cash,89182,0,payment recorded,INR
JE_PAY_42_365,M_1001,PAY_42_365,2026-08-21T05:31:55.731036Z,cash,37652,0,payment recorded,INR
JE_PAY_42_366,M_1001,PAY_42_366,2026-08-07T05:31:55.731041Z,cash,37291,0,payment recorded,INR
JE_PAY_42_367,M_1001,PAY_42_367,2026-08-04T05:31:55.731044Z,cash,195688,0,payment recorded,INR
JE_PAY_42_368,M_1001,PAY_42_368,2026-08-05T05:31:55.731047Z,cash,119020,0,payment recorded,INR
JE_PAY_42_369,M_1001,PAY_42_369,2026-08-02T05:31:55.731051Z,cash,189262,0,payment recorded,INR
JE_PAY_42_370,M_1001,PAY_42_370,2026-08-13T05:31:55.731054Z,cash,22370,0,payment recorded,INR
JE_PAY_42_371,M_1001,PAY_42_371,2026-08-08T05:31:55.731057Z,cash,197870,0,payment recorded,INR
JE_PAY_42_372,M_1001,PAY_42_372,2026-08-27T05:31:55.731060Z,cash,71430,0,payment recorded,INR
JE_PAY_42_373,M_1001,PAY_42_373,2026-08-24T05:31:55.731063Z,cash,159241,0,payment recorded,INR
JE_PAY_42_374,M_1001,PAY_42_374,2026-08-18T05:31:55.731066Z,cash,198003,0,payment recorded,INR
JE_PAY_42_375,M_1001,PAY_42_375,2026-07-29T05:31:55.731070Z,cash,29169,0,payment recorded,INR
JE_PAY_42_376,M_1001,PAY_42_376,2026-07-30T05:31:55.731074Z,cash,127667,0,payment recorded,INR
JE_PAY_42_377,M_1001,PAY_42_377,2026-08-26T05:31:55.731077Z,cash,57907,0,payment recorded,INR
JE_PAY_42_378,M_1001,PAY_42_378,2026-08-24T05:31:55.731080Z,cash,2115,0,payment recorded,INR
JE_PAY_42_379,M_1001,PAY_42_379,2026-08-19T05:31:55.731083Z,cash,36075,0,payment recorded,INR
JE_PAY_42_380,M_1001,PAY_42_380,2026-08-26T05:31:55.731087Z,cash,46157,0,payment recorded,INR
JE_PAY_42_381,M_1001,PAY_42_381,2026-08-11T05:31:55.731090Z,cash,60422,0,payment recorded,INR
JE_PAY_42_382,M_1001,PAY_42_382,2026-08-14T05:31:55.731093Z,cash,92942,0,payment recorded,INR
JE_PAY_42_383,M_1001,PAY_42_383,2026-08-21T05:31:55.731096Z,cash,82166,0,payment recorded,INR
JE_PAY_42_384,M_1001,PAY_42_384,2026-08-28T05:31:55.731099Z,cash,186090,0,payment recorded,INR
JE_PAY_42_385,M_1001,PAY_42_385,2026-08-24T05:31:55.731103Z,cash,162137,0,payment recorded,INR
JE_PAY_42_386,M_1001,PAY_42_386,2026-07-30T05:31:55.731106Z,cash,94957,0,payment recorded,INR
JE_PAY_42_387,M_1001,PAY_42_387,2026-08-04T05:31:55.731109Z,cash,114309,0,payment recorded,INR
JE_PAY_42_388,M_1001,PAY_42_388,2026-08-02T05:31:55.731112Z,cash,103847,0,payment recorded,INR
JE_PAY_42_389,M_1001,PAY_42_389,2026-08-21T05:31:55.731115Z,cash,58183,0,payment recorded,INR
JE_PAY_42_390,M_1001,PAY_42_390,2026-08-23T05:31:55.731118Z,cash,133920,0,payment recorded,INR
JE_PAY_42_391,M_1001,PAY_42_391,2026-08-23T05:31:55.731121Z,cash,50930,0,payment recorded,INR
JE_PAY_42_392,M_1001,PAY_42_392,2026-08-01T05:31:55.731125Z,cash,38816,0,payment recorded,INR
JE_PAY_42_393,M_1001,PAY_42_393,2026-08-22T05:31:55.731128Z,cash,51813,0,payment recorded,INR
JE_PAY_42_394,M_1001,PAY_42_394,2026-08-01T05:31:55.731131Z,cash,199107,0,payment recorded,INR
JE_PAY_42_395,M_1001,PAY_42_395,2026-08-04T05:31:55.731134Z,cash,164713,0,payment recorded,INR
JE_PAY_42_396,M_1001,PAY_42_396,2026-07-29T05:31:55.731137Z,cash,199297,0,payment recorded,INR
JE_PAY_42_397,M_1001,PAY_42_397,2026-08-04T05:31:55.731141Z,cash,148078,0,payment recorded,INR
JE_PAY_42_398,M_1001,PAY_42_398,2026-08-17T05:31:55.731146Z,cash,164521,0,payment recorded,INR
JE_PAY_42_399,M_1001,PAY_42_399,2026-08-25T05:31:55.731149Z,cash,123024,0,payment recorded,INR
JE_PAY_42_400,M_1001,PAY_42_400,2026-08-28T05:31:55.731152Z,cash,72104,0,payment recorded,INR
JE_PAY_42_401,M_1001,PAY_42_401,2026-08-21T05:31:55.731155Z,cash,19548,0,payment recorded,INR
JE_PAY_42_402,M_1001,PAY_42_402,2026-08-18T05:31:55.731159Z,cash,15013,0,payment recorded,INR
JE_PAY_42_403,M_1001,PAY_42_403,2026-08-13T05:31:55.731162Z,cash,169095,0,payment recorded,INR
JE_PAY_42_404,M_1001,PAY_42_404,2026-08-20T05:31:55.731165Z,cash,155834,0,payment recorded,INR
JE_PAY_42_405,M_1001,PAY_42_405,2026-08-22T05:31:55.731168Z,cash,10853,0,payment recorded,INR
JE_PAY_42_406,M_1001,PAY_42_406,2026-08-05T05:31:55.731172Z,cash,49445,0,payment recorded,INR
JE_PAY_42_407,M_1001,PAY_42_407,2026-08-02T05:31:55.731175Z,cash,169478,0,payment recorded,INR
JE_PAY_42_408,M_1001,PAY_42_408,2026-08-10T05:31:55.731179Z,cash,159956,0,payment recorded,INR
JE_PAY_42_409,M_1001,PAY_42_409,2026-08-16T05:31:55.731182Z,cash,74258,0,payment recorded,INR
JE_PAY_42_410,M_1001,PAY_42_410,2026-08-12T05:31:55.731185Z,cash,156832,0,payment recorded,INR
JE_PAY_42_411,M_1001,PAY_42_411,2026-08-08T05:31:55.731188Z,cash,87826,0,payment recorded,INR
JE_PAY_42_412,M_1001,PAY_42_412,2026-08-19T05:31:55.731192Z,cash,177933,0,payment recorded,INR
JE_PAY_42_413,M_1001,PAY_42_413,2026-08-16T05:31:55.731195Z,cash,39519,0,payment recorded,INR
JE_PAY_42_414,M_1001,PAY_42_414,2026-08-10T05:31:55.731198Z,cash,37174,0,payment recorded,INR
JE_PAY_42_415,M_1001,PAY_42_415,2026-08-17T05:31:55.731201Z,cash,172080,0,payment recorded,INR
JE_PAY_42_416,M_1001,PAY_42_416,2026-08-18T05:31:55.731204Z,cash,156086,0,payment recorded,INR
JE_PAY_42_417,M_1001,PAY_42_417,2026-08-01T05:31:55.731207Z,cash,146618,0,payment recorded,INR
JE_PAY_42_418,M_1001,PAY_42_418,2026-08-01T05:31:55.731210Z,cash,33600,0,payment recorded,INR
JE_PAY_42_419,M_1001,PAY_42_419,2026-08-25T05:31:55.731214Z,cash,138090,0,payment recorded,INR
JE_PAY_42_420,M_1001,PAY_42_420,2026-08-01T05:31:55.731217Z,cash,133397,0,payment recorded,INR
JE_PAY_42_421,M_1001,PAY_42_421,2026-08-18T05:31:55.731220Z,cash,127573,0,payment recorded,INR
JE_PAY_42_422,M_1001,PAY_42_422,2026-08-08T05:31:55.731223Z,cash,20328,0,payment recorded,INR
JE_PAY_42_423,M_1001,PAY_42_423,2026-08-17T05:31:55.731226Z,cash,141597,0,payment recorded,INR
JE_PAY_42_424,M_1001,PAY_42_424,2026-08-26T05:31:55.731229Z,cash,173620,0,payment recorded,INR
JE_PAY_42_425,M_1001,PAY_42_425,2026-08-21T05:31:55.731233Z,cash,156664,0,payment recorded,INR
JE_PAY_42_426,M_1001,PAY_42_426,2026-07-30T05:31:55.731236Z,cash,181725,0,payment recorded,INR
JE_PAY_42_427,M_1001,PAY_42_427,2026-08-15T05:31:55.731239Z,cash,188735,0,payment recorded,INR
JE_PAY_42_428,M_1001,PAY_42_428,2026-08-23T05:31:55.731242Z,cash,74792,0,payment recorded,INR
JE_PAY_42_429,M_1001,PAY_42_429,2026-08-25T05:31:55.731246Z,cash,140087,0,payment recorded,INR
JE_PAY_42_430,M_1001,PAY_42_430,2026-08-26T05:31:55.731250Z,cash,50960,0,payment recorded,INR
JE_PAY_42_431,M_1001,PAY_42_431,2026-07-29T05:31:55.731253Z,cash,121126,0,payment recorded,INR
JE_PAY_42_432,M_1001,PAY_42_432,2026-08-01T05:31:55.731256Z,cash,138370,0,payment recorded,INR
JE_PAY_42_433,M_1001,PAY_42_433,2026-08-07T05:31:55.731261Z,cash,52449,0,payment recorded,INR
JE_PAY_42_434,M_1001,PAY_42_434,2026-08-23T05:31:55.731265Z,cash,65636,0,payment recorded,INR
JE_PAY_42_435,M_1001,PAY_42_435,2026-08-22T05:31:55.731268Z,cash,97411,0,payment recorded,INR
JE_PAY_42_436,M_1001,PAY_42_436,2026-08-27T05:31:55.731271Z,cash,135342,0,payment recorded,INR
JE_PAY_42_437,M_1001,PAY_42_437,2026-08-04T05:31:55.731275Z,cash,42124,0,payment recorded,INR
JE_PAY_42_438,M_1001,PAY_42_438,2026-08-01T05:31:55.731278Z,cash,114780,0,payment recorded,INR
JE_PAY_42_439,M_1001,PAY_42_439,2026-08-07T05:31:55.731281Z,cash,118360,0,payment recorded,INR
JE_PAY_42_440,M_1001,PAY_42_440,2026-07-30T05:31:55.731285Z,cash,14060,0,payment recorded,INR
JE_PAY_42_441,M_1001,PAY_42_441,2026-08-19T05:31:55.731289Z,cash,7489,0,payment recorded,INR
JE_PAY_42_442,M_1001,PAY_42_442,2026-08-17T05:31:55.731292Z,cash,187455,0,payment recorded,INR
JE_PAY_42_443,M_1001,PAY_42_443,2026-08-16T05:31:55.731295Z,cash,10140,0,payment recorded,INR
JE_PAY_42_444,M_1001,PAY_42_444,2026-08-17T05:31:55.731298Z,cash,36483,0,payment recorded,INR
JE_PAY_42_445,M_1001,PAY_42_445,2026-08-05T05:31:55.731302Z,cash,67188,0,payment recorded,INR
JE_PAY_42_446,M_1001,PAY_42_446,2026-08-03T05:31:55.731305Z,cash,190740,0,payment recorded,INR
JE_PAY_42_447,M_1001,PAY_42_447,2026-08-05T05:31:55.731308Z,cash,75624,0,payment recorded,INR
JE_PAY_42_448,M_1001,PAY_42_448,2026-07-31T05:31:55.731311Z,cash,62605,0,payment recorded,INR
JE_PAY_42_449,M_1001,PAY_42_449,2026-08-19T05:31:55.731314Z,cash,16564,0,payment recorded,INR
JE_SET_42_450,M_1001,SET_42_1,2026-08-28T05:31:55.731403Z,bank,0,1668106,settlement credited,INR
JE_SET_42_451,M_1001,SET_42_2,2026-08-28T05:31:55.731416Z,bank,0,2111742,settlement credited,INR
JE_SET_42_452,M_1001,SET_42_3,2026-08-23T05:31:55.731421Z,bank,0,1896044,settlement credited,INR
JE_SET_42_453,M_1001,SET_42_4,2026-08-27T05:31:55.731425Z,bank,0,1898906,settlement credited,INR
JE_SET_42_454,M_1001,SET_42_5,2026-08-26T05:31:55.731429Z,bank,0,1891434,settlement credited,INR
JE_SET_42_455,M_1001,SET_42_6,2026-08-26T05:31:55.731433Z,bank,0,1761679,settlement credited,INR
JE_SET_42_456,M_1001,SET_42_7,2026-08-25T05:31:55.731437Z,bank,0,2727695,settlement credited,INR
JE_SET_42_457,M_1001,SET_42_8,2026-08-28T05:31:55.731440Z,bank,0,1873876,settlement credited,INR
JE_SET_42_458,M_1001,SET_42_9,2026-08-28T05:31:55.731445Z,bank,0,1918870,settlement credited,INR
JE_SET_42_459,M_1001,SET_42_10,2026-08-23T05:31:55.731448Z,bank,0,2244309,settlement credited,INR
JE_SET_42_460,M_1001,SET_42_11,2026-08-23T05:31:55.731452Z,bank,0,1725933,settlement credited,INR
JE_SET_42_461,M_1001,SET_42_12,2026-08-25T05:31:55.731457Z,bank,0,2254366,settlement credited,INR
JE_SET_42_462,M_1001,SET_42_13,2026-08-24T05:31:55.731461Z,bank,0,2115137,settlement credited,INR
JE_SET_42_463,M_1001,SET_42_14,2026-08-27T05:31:55.731464Z,bank,0,1902949,settlement credited,INR
JE_SET_42_464,M_1001,SET_42_15,2026-08-26T05:31:55.731468Z,bank,0,1986460,settlement credited,INR
JE_SET_42_465,M_1001,SET_42_16,2026-08-24T05:31:55.731471Z,bank,0,2106383,settlement credited,INR
JE_SET_42_466,M_1001,SET_42_17,2026-08-25T05:31:55.731475Z,bank,0,2313634,settlement credited,INR
JE_SET_42_467,M_1001,SET_42_18,2026-08-23T05:31:55.731478Z,bank,0,2154393,settlement credited,INR
JE_SET_42_468,M_1001,SET_42_19,2026-08-25T05:31:55.731481Z,bank,0,2273086,settlement credited,INR
JE_SET_42_469,M_1001,SET_42_20,2026-08-24T05:31:55.731485Z,bank,0,2297549,settlement credited,INR
JE_SET_42_470,M_1001,SET_42_21,2026-08-24T05:31:55.731488Z,bank,0,855741,settlement credited,INR
