order_id,merchant_id,merchant_reference,customer_id,created_at,currency,gross_amount,status
ORD_42_1,M_1001,REF_1,CUST_41906,2026-08-25T05:31:55.719330Z,INR,6656,paid
ORD_42_2,M_1001,REF_2,CUST_16050,2026-08-21T05:31:55.719383Z,INR,36679,paid
ORD_42_3,M_1001,REF_3,CUST_44349,2026-08-05T05:31:55.719395Z,INR,143064,paid
ORD_42_4,M_1001,REF_4,CUST_27652,2026-08-27T05:31:55.719402Z,INR,7911,paid
ORD_42_5,M_1001,REF_5,CUST_15248,2026-08-12T05:31:55.719407Z,INR,157915,created
ORD_42_6,M_1001,REF_6,CUST_13032,2026-08-06T05:31:55.719412Z,INR,170463,paid
ORD_42_7,M_1001,REF_7,CUST_27494,2026-08-21T05:31:55.719417Z,INR,117857,paid
ORD_42_8,M_1001,REF_8,CUST_426,2026-08-04T05:31:55.719422Z,INR,41953,paid
ORD_42_9,M_1001,REF_9,CUST_22299,2026-08-20T05:31:55.719426Z,INR,40858,paid
ORD_42_10,M_1001,REF_10,CUST_22060,2026-08-25T05:31:55.719431Z,INR,24412,paid
ORD_42_11,M_1001,REF_11,CUST_23527,2026-08-01T05:31:55.719436Z,INR,90265,paid
ORD_42_12,M_1001,REF_12,CUST_2848,2026-08-05T05:31:55.719440Z,INR,120535,paid
ORD_42_13,M_1001,REF_13,CUST_24808,2026-08-26T05:31:55.719445Z,INR,144814,paid
ORD_42_14,M_1001,REF_14,CUST_41199,2026-08-09T05:31:55.719449Z,INR,94900,paid
ORD_42_15,M_1001,REF_15,CUST_46175,2026-08-26T05:31:55.719454Z,INR,12112,paid
ORD_42_16,M_1001,REF_16,CUST_18966,2026-08-26T05:31:55.719458Z,INR,61124,paid
ORD_42_17,M_1001,REF_17,CUST_24912,2026-08-20T05:31:55.719463Z,INR,118958,paid
ORD_42_18,M_1001,REF_18,CUST_23910,2026-08-23T05:31:55.719468Z,INR,97140,paid
ORD_42_19,M_1001,REF_19,CUST_43921,2026-08-20T05:31:55.719472Z,INR,184077,paid
ORD_42_20,M_1001,REF_20,CUST_42470,2026-08-26T05:31:55.719477Z,INR,159780,paid
ORD_42_21,M_1001,REF_21,CUST_35006,2026-08-05T05:31:55.719481Z,INR,64275,paid
ORD_42_22,M_1001,REF_22,CUST_24868,2026-08-20T05:31:55.719486Z,INR,167872,paid
ORD_42_23,M_1001,REF_23,CUST_14393,2026-08-07T05:31:55.719490Z,INR,85108,paid
ORD_42_24,M_1001,REF_24,CUST_3666,2026-08-21T05:31:55.719495Z,INR,8514,paid
ORD_42_25,M_1001,REF_25,CUST_26291,2026-08-20T05:31:55.719501Z,INR,17450,paid
ORD_42_26,M_1001,REF_26,CUST_37171,2026-07-31T05:31:55.719514Z,INR,188296,paid
ORD_42_27,M_1001,REF_27,CUST_42955,2026-08-13T05:31:55.719519Z,INR,103812,paid
ORD_42_28,M_1001,REF_28,CUST_42130,2026-08-14T05:31:55.719524Z,INR,37552,paid
ORD_42_29,M_1001,REF_29,CUST_16163,2026-08-05T05:31:55.719531Z,INR,147259,paid
ORD_42_30,M_1001,REF_30,CUST_48957,2026-08-10T05:31:55.719535Z,INR,112411,paid
ORD_42_31,M_1001,REF_31,CUST_26176,2026-08-17T05:31:55.719540Z,INR,57593,cancelled
ORD_42_32,M_1001,REF_32,CUST_9066,2026-08-12T05:31:55.719544Z,INR,129472,paid
ORD_42_33,M_1001,REF_33,CUST_3088,2026-08-01T05:31:55.719549Z,INR,28843,paid
ORD_42_34,M_1001,REF_34,CUST_10485,2026-08-03T05:31:55.719553Z,INR,178484,paid
ORD_42_35,M_1001,REF_35,CUST_4164,2026-08-16T05:31:55.719557Z,INR,100139,paid
ORD_42_36,M_1001,REF_36,CUST_30675,2026-08-12T05:31:55.719562Z,INR,66006,cancelled
ORD_42_37,M_1001,REF_37,CUST_753,2026-08-07T05:31:55.719566Z,INR,189032,paid
ORD_42_38,M_1001,REF_38,CUST_35191,2026-08-04T05:31:55.719571Z,INR,70046,paid
ORD_42_39,M_1001,REF_39,CUST_22294,2026-08-25T05:31:55.719575Z,INR,77039,paid
ORD_42_40,M_1001,REF_40,CUST_29736,2026-08-28T05:31:55.719579Z,INR,189392,paid
ORD_42_41,M_1001,REF_41,CUST_17262,2026-08-12T05:31:55.719587Z,INR,199843,paid
ORD_42_42,M_1001,REF_42,CUST_6974,2026-08-01T05:31:55.719592Z,INR,164018,paid
ORD_42_43,M_1001,REF_43,CUST_41875,2026-08-12T05:31:55.719596Z,INR,159737,paid
ORD_42_44,M_1001,REF_44,CUST_24505,2026-08-04T05:31:55.719601Z,INR,42449,paid
ORD_42_45,M_1001,REF_45,CUST_34758,2026-07-30T05:31:55.719606Z,INR,249,paid
ORD_42_46,M_1001,REF_46,CUST_32022,2026-08-28T05:31:55.719611Z,INR,29425,paid
ORD_42_47,M_1001,REF_47,CUST_20154,2026-08-21T05:31:55.719615Z,INR,15284,paid
ORD_42_48,M_1001,REF_48,CUST_37183,2026-07-29T05:31:55.719620Z,INR,20745,paid
ORD_42_49,M_1001,REF_49,CUST_31850,2026-08-02T05:31:55.719625Z,INR,18243,cancelled
ORD_42_50,M_1001,REF_50,CUST_34912,2026-08-04T05:31:55.719630Z,INR,33067,paid
ORD_42_51,M_1001,REF_51,CUST_31149,2026-07-29T05:31:55.719635Z,INR,144227,paid
ORD_42_52,M_1001,REF_52,CUST_34582,2026-08-01T05:31:55.719639Z,INR,159114,paid
ORD_42_53,M_1001,REF_53,CUST_13881,2026-07-30T05:31:55.719643Z,INR,141473,paid
ORD_42_54,M_1001,REF_54,CUST_45212,2026-08-22T05:31:55.719648Z,INR,186995,paid
ORD_42_55,M_1001,REF_55,CUST_44020,2026-08-08T05:31:55.719653Z,INR,97989,paid
ORD_42_56,M_1001,REF_56,CUST_33920,2026-08-14T05:31:55.719657Z,INR,31820,paid
ORD_42_57,M_1001,REF_57,CUST_4197,2026-08-18T05:31:55.719663Z,INR,5614,paid
ORD_42_58,M_1001,REF_58,CUST_15081,2026-08-10T05:31:55.719667Z,INR,57828,created
ORD_42_59,M_1001,REF_59,CUST_46390,2026-08-08T05:31:55.719672Z,INR,15533,paid
ORD_42_60,M_1001,REF_60,CUST_2059,2026-08-01T05:31:55.719676Z,INR,86719,paid
ORD_42_61,M_1001,REF_61,CUST_15598,2026-08-20T05:31:55.719680Z,INR,175468,paid
ORD_42_62,M_1001,REF_62,CUST_35340,2026-08-24T05:31:55.719685Z,INR,189722,paid
ORD_42_63,M_1001,REF_63,CUST_37424,2026-08-10T05:31:55.719689Z,INR,124007,paid
ORD_42_64,M_1001,REF_64,CUST_30997,2026-08-03T05:31:55.719693Z,INR,106808,paid
ORD_42_65,M_1001,REF_65,CUST_6353,2026-08-07T05:31:55.719699Z,INR,113097,paid
ORD_42_66,M_1001,REF_66,CUST_26942,2026-08-14T05:31:55.719703Z,INR,191222,paid
ORD_42_67,M_1001,REF_67,CUST_42825,2026-08-08T05:31:55.719708Z,INR,25899,paid
ORD_42_68,M_1001,REF_68,CUST_47725,2026-08-18T05:31:55.719712Z,INR,28744,paid
ORD_42_69,M_1001,REF_69,CUST_12466,2026-08-11T05:31:55.719717Z,INR,117701,paid
ORD_42_70,M_1001,REF_70,CUST_12026,2026-08-20T05:31:55.719721Z,INR,121375,paid
ORD_42_71,M_1001,REF_71,CUST_4941,2026-08-14T05:31:55.719725Z,INR,144364,paid
ORD_42_72,M_1001,REF_72,CUST_42739,2026-08-11T05:31:55.719730Z,INR,3968,cancelled
ORD_42_73,M_1001,REF_73,CUST_49386,2026-08-01T05:31:55.719735Z,INR,62065,paid
ORD_42_74,M_1001,REF_74,CUST_31827,2026-08-13T05:31:55.719740Z,INR,56132,paid
ORD_42_75,M_1001,REF_75,CUST_3843,2026-08-23T05:31:55.719744Z,INR,99445,created
ORD_42_76,M_1001,REF_76,CUST_25587,2026-08-20T05:31:55.719749Z,INR,119377,paid
ORD_42_77,M_1001,REF_77,CUST_45652,2026-07-29T05:31:55.719754Z,INR,191597,cancelled
ORD_42_78,M_1001,REF_78,CUST_36423,2026-08-07T05:31:55.719759Z,INR,188426,paid
ORD_42_79,M_1001,REF_79,CUST_12446,2026-08-19T05:31:55.719764Z,INR,57168,cancelled
ORD_42_80,M_1001,REF_80,CUST_37958,2026-08-05T05:31:55.719769Z,INR,142233,paid
ORD_42_81,M_1001,REF_81,CUST_20553,2026-08-27T05:31:55.719773Z,INR,13244,paid
ORD_42_82,M_1001,REF_82,CUST_32955,2026-07-30T05:31:55.719777Z,INR,139331,paid
ORD_42_83,M_1001,REF_83,CUST_33282,2026-08-26T05:31:55.719782Z,INR,48812,paid
ORD_42_84,M_1001,REF_84,CUST_4454,2026-08-07T05:31:55.719786Z,INR,61757,paid
ORD_42_85,M_1001,REF_85,CUST_37335,2026-08-21T05:31:55.719791Z,INR,151860,paid
ORD_42_86,M_1001,REF_86,CUST_40592,2026-08-26T05:31:55.719795Z,INR,109997,paid
ORD_42_87,M_1001,REF_87,CUST_37043,2026-08-12T05:31:55.719799Z,INR,83034,paid
ORD_42_88,M_1001,REF_88,CUST_13387,2026-08-07T05:31:55.719804Z,INR,187845,paid
ORD_42_89,M_1001,REF_89,CUST_17408,2026-08-16T05:31:55.719810Z,INR,34408,paid
ORD_42_90,M_1001,REF_90,CUST_19661,2026-08-14T05:31:55.719814Z,INR,82983,paid
ORD_42_91,M_1001,REF_91,CUST_4755,2026-08-28T05:31:55.719819Z,INR,120236,paid
ORD_42_92,M_1001,REF_92,CUST_36897,2026-08-25T05:31:55.719823Z,INR,19304,paid
ORD_42_93,M_1001,REF_93,CUST_33154,2026-08-20T05:31:55.719828Z,INR,34822,paid
ORD_42_94,M_1001,REF_94,CUST_4509,2026-07-31T05:31:55.719833Z,INR,64137,paid
ORD_42_95,M_1001,REF_95,CUST_10339,2026-08-14T05:31:55.719837Z,INR,142501,paid
ORD_42_96,M_1001,REF_96,CUST_40087,2026-08-03T05:31:55.719842Z,INR,171535,paid
ORD_42_97,M_1001,REF_97,CUST_43770,2026-08-02T05:31:55.719846Z,INR,145485,paid
ORD_42_98,M_1001,REF_98,CUST_43476,2026-08-25T05:31:55.719850Z,INR,35303,paid
ORD_42_99,M_1001,REF_99,CUST_7015,2026-08-05T05:31:55.719855Z,INR,145124,paid
ORD_42_100,M_1001,REF_100,CUST_18466,2026-08-09T05:31:55.719860Z,INR,55315,paid
ORD_42_101,M_1001,REF_101,CUST_13343,2026-08-07T05:31:55.719866Z,INR,166361,paid
ORD_42_102,M_1001,REF_102,CUST_33123,2026-08-13T05:31:55.719870Z,INR,65929,paid
ORD_42_103,M_1001,REF_103,CUST_3330,2026-08-26T05:31:55.719882Z,INR,166373,paid
ORD_42_104,M_1001,REF_104,CUST_18133,2026-08-27T05:31:55.719886Z,INR,1029,paid
ORD_42_105,M_1001,REF_105,CUST_8574,2026-08-08T05:31:55.719891Z,INR,68770,paid
ORD_42_106,M_1001,REF_106,CUST_28957,2026-08-11T05:31:55.719895Z,INR,185086,paid
ORD_42_107,M_1001,REF_107,CUST_634,2026-08-25T05:31:55.719899Z,INR,19824,paid
ORD_42_108,M_1001,REF_108,CUST_45287,2026-07-31T05:31:55.719904Z,INR,39173,paid
ORD_42_109,M_1001,REF_109,CUST_24197,2026-08-10T05:31:55.719908Z,INR,144941,paid
ORD_42_110,M_1001,REF_110,CUST_8353,2026-08-27T05:31:55.719913Z,INR,80908,paid
ORD_42_111,M_1001,REF_111,CUST_2615,2026-07-31T05:31:55.719918Z,INR,93897,paid
ORD_42_112,M_1001,REF_112,CUST_16354,2026-08-07T05:31:55.719923Z,INR,27046,paid
ORD_42_113,M_1001,REF_113,CUST_36693,2026-07-31T05:31:55.719927Z,INR,106629,cancelled
ORD_42_114,M_1001,REF_114,CUST_49118,2026-08-24T05:31:55.719932Z,INR,62159,paid
ORD_42_115,M_1001,REF_115,CUST_11604,2026-07-31T05:31:55.719937Z,INR,108180,created
ORD_42_116,M_1001,REF_116,CUST_48272,2026-07-30T05:31:55.719941Z,INR,87180,paid
ORD_42_117,M_1001,REF_117,CUST_26983,2026-08-03T05:31:55.719946Z,INR,175712,paid
ORD_42_118,M_1001,REF_118,CUST_16264,2026-08-20T05:31:55.719950Z,INR,41832,paid
ORD_42_119,M_1001,REF_119,CUST_7085,2026-08-16T05:31:55.719955Z,INR,10251,paid
ORD_42_120,M_1001,REF_120,CUST_14578,2026-08-22T05:31:55.719959Z,INR,120765,paid
ORD_42_121,M_1001,REF_121,CUST_14916,2026-08-21T05:31:55.719964Z,INR,6303,paid
ORD_42_122,M_1001,REF_122,CUST_26114,2026-08-18T05:31:55.719969Z,INR,73134,paid
ORD_42_123,M_1001,REF_123,CUST_18293,2026-08-17T05:31:55.719973Z,INR,168260,paid
ORD_42_124,M_1001,REF_124,CUST_44533,2026-08-02T05:31:55.719977Z,INR,140665,paid
ORD_42_125,M_1001,REF_125,CUST_1809,2026-08-25T05:31:55.719982Z,INR,68575,paid
ORD_42_126,M_1001,REF_126,CUST_17398,2026-08-27T05:31:55.719987Z,INR,28517,paid
ORD_42_127,M_1001,REF_127,CUST_22655,2026-08-05T05:31:55.719991Z,INR,82328,paid
ORD_42_128,M_1001,REF_128,CUST_33517,2026-08-25T05:31:55.719995Z,INR,101076,paid
ORD_42_129,M_1001,REF_129,CUST_12458,2026-08-20T05:31:55.720000Z,INR,11735,paid
ORD_42_130,M_1001,REF_130,CUST_111,2026-08-12T05:31:55.720004Z,INR,141251,paid
ORD_42_131,M_1001,REF_131,CUST_48625,2026-08-05T05:31:55.720009Z,INR,175901,paid
ORD_42_132,M_1001,REF_132,CUST_28266,2026-08-26T05:31:55.720014Z,INR,174225,paid
ORD_42_133,M_1001,REF_133,CUST_40840,2026-08-18T05:31:55.720018Z,INR,174003,paid
ORD_42_134,M_1001,REF_134,CUST_47170,2026-07-31T05:31:55.720022Z,INR,78827,paid
ORD_42_135,M_1001,REF_135,CUST_43706,2026-08-15T05:31:55.720026Z,INR,85606,paid
ORD_42_136,M_1001,REF_136,CUST_19377,2026-08-11T05:31:55.720031Z,INR,33467,paid
ORD_42_137,M_1001,REF_137,CUST_43577,2026-07-29T05:31:55.720035Z,INR,99490,paid
ORD_42_138,M_1001,REF_138,CUST_11406,2026-08-09T05:31:55.720040Z,INR,149287,paid
ORD_42_139,M_1001,REF_139,CUST_35910,2026-08-02T05:31:55.720044Z,INR,206,paid
ORD_42_140,M_1001,REF_140,CUST_13775,2026-08-15T05:31:55.720048Z,INR,152139,paid
ORD_42_141,M_1001,REF_141,CUST_21119,2026-08-14T05:31:55.720053Z,INR,115911,paid
ORD_42_142,M_1001,REF_142,CUST_14006,2026-08-12T05:31:55.720057Z,INR,124142,paid
ORD_42_143,M_1001,REF_143,CUST_48232,2026-08-23T05:31:55.720062Z,INR,172813,paid
ORD_42_144,M_1001,REF_144,CUST_33781,2026-08-07T05:31:55.720066Z,INR,166021,paid
ORD_42_145,M_1001,REF_145,CUST_6121,2026-08-02T05:31:55.720071Z,INR,197006,paid
ORD_42_146,M_1001,REF_146,CUST_20344,2026-08-21T05:31:55.720076Z,INR,52300,paid
ORD_42_147,M_1001,REF_147,CUST_3029,2026-08-21T05:31:55.720080Z,INR,124654,paid
ORD_42_148,M_1001,REF_148,CUST_4773,2026-08-14T05:31:55.720084Z,INR,108743,paid
ORD_42_149,M_1001,REF_149,CUST_37728,2026-08-22T05:31:55.720089Z,INR,188410,paid
ORD_42_150,M_1001,REF_150,CUST_32400,2026-08-16T05:31:55.720093Z,INR,64059,paid
ORD_42_151,M_1001,REF_151,CUST_45065,2026-08-28T05:31:55.720098Z,INR,196960,paid
ORD_42_152,M_1001,REF_152,CUST_6986,2026-08-04T05:31:55.720102Z,INR,111549,paid
ORD_42_153,M_1001,REF_153,CUST_45608,2026-08-12T05:31:55.720107Z,INR,121878,paid
ORD_42_154,M_1001,REF_154,CUST_16332,2026-07-30T05:31:55.720111Z,INR,31913,paid
ORD_42_155,M_1001,REF_155,CUST_30451,2026-08-07T05:31:55.720117Z,INR,139333,cancelled
ORD_42_156,M_1001,REF_156,CUST_39024,2026-08-18T05:31:55.720122Z,INR,198084,paid
ORD_42_157,M_1001,REF_157,CUST_40151,2026-08-02T05:31:55.720126Z,INR,188653,paid
ORD_42_158,M_1001,REF_158,CUST_27967,2026-08-02T05:31:55.720131Z,INR,143721,paid
ORD_42_159,M_1001,REF_159,CUST_10431,2026-08-05T05:31:55.720135Z,INR,124533,paid
ORD_42_160,M_1001,REF_160,CUST_49269,2026-08-21T05:31:55.720139Z,INR,167259,paid
ORD_42_161,M_1001,REF_161,CUST_34164,2026-08-13T05:31:55.720144Z,INR,164398,paid
ORD_42_162,M_1001,REF_162,CUST_28828,2026-08-26T05:31:55.720148Z,INR,187151,paid
ORD_42_163,M_1001,REF_163,CUST_17808,2026-08-18T05:31:55.720153Z,INR,83909,paid
ORD_42_164,M_1001,REF_164,CUST_5281,2026-08-24T05:31:55.720157Z,INR,39639,paid
ORD_42_165,M_1001,REF_165,CUST_45479,2026-08-24T05:31:55.720162Z,INR,185283,paid
ORD_42_166,M_1001,REF_166,CUST_27189,2026-08-15T05:31:55.720166Z,INR,86838,paid
ORD_42_167,M_1001,REF_167,CUST_27249,2026-08-27T05:31:55.720170Z,INR,54320,paid
ORD_42_168,M_1001,REF_168,CUST_25525,2026-07-31T05:31:55.720175Z,INR,153212,paid
ORD_42_169,M_1001,REF_169,CUST_1281,2026-08-01T05:31:55.720179Z,INR,151013,paid
ORD_42_170,M_1001,REF_170,CUST_387,2026-07-29T05:31:55.720184Z,INR,92311,paid
ORD_42_171,M_1001,REF_171,CUST_25559,2026-08-01T05:31:55.720189Z,INR,109943,paid
ORD_42_172,M_1001,REF_172,CUST_48145,2026-08-11T05:31:55.720194Z,INR,158239,paid
ORD_42_173,M_1001,REF_173,CUST_31997,2026-08-21T05:31:55.720198Z,INR,71648,paid
ORD_42_174,M_1001,REF_174,CUST_1903,2026-08-16T05:31:55.720203Z,INR,88214,paid
ORD_42_175,M_1001,REF_175,CUST_26498,2026-08-05T05:31:55.720208Z,INR,43365,paid
ORD_42_176,M_1001,REF_176,CUST_8365,2026-08-09T05:31:55.720212Z,INR,140117,created
ORD_42_177,M_1001,REF_177,CUST_25823,2026-08-10T05:31:55.720217Z,INR,148051,paid
ORD_42_178,M_1001,REF_178,CUST_5502,2026-08-08T05:31:55.720222Z,INR,112458,paid
ORD_42_179,M_1001,REF_179,CUST_30258,2026-08-23T05:31:55.720227Z,INR,13281,paid
ORD_42_180,M_1001,REF_180,CUST_21454,2026-08-22T05:31:55.720231Z,INR,119296,paid
ORD_42_181,M_1001,REF_181,CUST_49888,2026-07-31T05:31:55.720236Z,INR,99485,paid
ORD_42_182,M_1001,REF_182,CUST_27628,2026-08-20T05:31:55.720240Z,INR,21571,paid
ORD_42_183,M_1001,REF_183,CUST_49089,2026-08-11T05:31:55.720244Z,INR,13753,cancelled
ORD_42_184,M_1001,REF_184,CUST_22936,2026-08-21T05:31:55.720249Z,INR,170531,paid
ORD_42_185,M_1001,REF_185,CUST_42714,2026-08-27T05:31:55.720253Z,INR,197817,created
ORD_42_186,M_1001,REF_186,CUST_16206,2026-08-22T05:31:55.720258Z,INR,5442,paid
ORD_42_187,M_1001,REF_187,CUST_15634,2026-08-24T05:31:55.720263Z,INR,124241,paid
ORD_42_188,M_1001,REF_188,CUST_36961,2026-07-29T05:31:55.720268Z,INR,57238,paid
ORD_42_189,M_1001,REF_189,CUST_16794,2026-08-04T05:31:55.720272Z,INR,96803,paid
ORD_42_190,M_1001,REF_190,CUST_39797,2026-07-29T05:31:55.720277Z,INR,196164,paid
ORD_42_191,M_1001,REF_191,CUST_10733,2026-07-29T05:31:55.720281Z,INR,81636,paid
ORD_42_192,M_1001,REF_192,CUST_1683,2026-07-30T05:31:55.720286Z,INR,81877,paid
ORD_42_193,M_1001,REF_193,CUST_24597,2026-08-16T05:31:55.720290Z,INR,187536,paid
ORD_42_194,M_1001,REF_194,CUST_38804,2026-08-06T05:31:55.720295Z,INR,164527,paid
ORD_42_195,M_1001,REF_195,CUST_45692,2026-08-04T05:31:55.720299Z,INR,79158,paid
ORD_42_196,M_1001,REF_196,CUST_39349,2026-08-03T05:31:55.720304Z,INR,31833,paid
ORD_42_197,M_1001,REF_197,CUST_37089,2026-08-03T05:31:55.720308Z,INR,10866,paid
ORD_42_198,M_1001,REF_198,CUST_28075,2026-08-07T05:31:55.720312Z,INR,97242,paid
ORD_42_199,M_1001,REF_199,CUST_42438,2026-08-18T05:31:55.720317Z,INR,3416,paid
ORD_42_200,M_1001,REF_200,CUST_32126,2026-08-25T05:31:55.720321Z,INR,113745,cancelled
ORD_42_201,M_1001,REF_201,CUST_41654,2026-07-31T05:31:55.720326Z,INR,120617,paid
ORD_42_202,M_1001,REF_202,CUST_28541,2026-08-23T05:31:55.720331Z,INR,192460,paid
ORD_42_203,M_1001,REF_203,CUST_42629,2026-08-20T05:31:55.720336Z,INR,161557,paid
ORD_42_204,M_1001,REF_204,CUST_35270,2026-08-04T05:31:55.720346Z,INR,126845,paid
ORD_42_205,M_1001,REF_205,CUST_47909,2026-08-10T05:31:55.720351Z,INR,70458,paid
ORD_42_206,M_1001,REF_206,CUST_16089,2026-08-02T05:31:55.720355Z,INR,22818,paid
ORD_42_207,M_1001,REF_207,CUST_29544,2026-08-21T05:31:55.720360Z,INR,196832,paid
ORD_42_208,M_1001,REF_208,CUST_39999,2026-08-07T05:31:55.720364Z,INR,99449,paid
ORD_42_209,M_1001,REF_209,CUST_32395,2026-08-01T05:31:55.720369Z,INR,85300,paid
ORD_42_210,M_1001,REF_210,CUST_13902,2026-08-17T05:31:55.720373Z,INR,67825,paid
ORD_42_211,M_1001,REF_211,CUST_39070,2026-08-06T05:31:55.720378Z,INR,72522,paid
ORD_42_212,M_1001,REF_212,CUST_33858,2026-07-29T05:31:55.720382Z,INR,50184,paid
ORD_42_213,M_1001,REF_213,CUST_47191,2026-08-15T05:31:55.720387Z,INR,128177,paid
ORD_42_214,M_1001,REF_214,CUST_15750,2026-08-06T05:31:55.720391Z,INR,124904,paid
ORD_42_215,M_1001,REF_215,CUST_32167,2026-08-14T05:31:55.720396Z,INR,4620,paid
ORD_42_216,M_1001,REF_216,CUST_14523,2026-08-16T05:31:55.720400Z,INR,181447,paid
ORD_42_217,M_1001,REF_217,CUST_43514,2026-08-10T05:31:55.720405Z,INR,96836,paid
ORD_42_218,M_1001,REF_218,CUST_34795,2026-08-17T05:31:55.720409Z,INR,111643,cancelled
ORD_42_219,M_1001,REF_219,CUST_36071,2026-08-18T05:31:55.720414Z,INR,92325,paid
ORD_42_220,M_1001,REF_220,CUST_17755,2026-08-19T05:31:55.720418Z,INR,66003,paid
ORD_42_221,M_1001,REF_221,CUST_47271,2026-08-22T05:31:55.720422Z,INR,82819,paid
ORD_42_222,M_1001,REF_222,CUST_35119,2026-07-29T05:31:55.720427Z,INR,199903,paid
ORD_42_223,M_1001,REF_223,CUST_12553,2026-08-22T05:31:55.720431Z,INR,193720,paid
ORD_42_224,M_1001,REF_224,CUST_47487,2026-08-10T05:31:55.720436Z,INR,199383,paid
ORD_42_225,M_1001,REF_225,CUST_18547,2026-08-25T05:31:55.720440Z,INR,50986,paid
ORD_42_226,M_1001,REF_226,CUST_23651,2026-08-23T05:31:55.720444Z,INR,79337,created
ORD_42_227,M_1001,REF_227,CUST_35006,2026-08-24T05:31:55.720449Z,INR,72009,created
ORD_42_228,M_1001,REF_228,CUST_3574,2026-08-11T05:31:55.720453Z,INR,76681,paid
ORD_42_229,M_1001,REF_229,CUST_8276,2026-08-08T05:31:55.720457Z,INR,197439,paid
ORD_42_230,M_1001,REF_230,CUST_804,2026-08-10T05:31:55.720464Z,INR,74637,paid
ORD_42_231,M_1001,REF_231,CUST_28867,2026-08-18T05:31:55.720469Z,INR,48429,cancelled
ORD_42_232,M_1001,REF_232,CUST_16547,2026-07-29T05:31:55.720474Z,INR,125333,paid
ORD_42_233,M_1001,REF_233,CUST_4283,2026-08-16T05:31:55.720479Z,INR,129008,paid
ORD_42_234,M_1001,REF_234,CUST_41252,2026-08-07T05:31:55.720484Z,INR,14153,paid
ORD_42_235,M_1001,REF_235,CUST_36887,2026-07-29T05:31:55.720489Z,INR,79748,paid
ORD_42_236,M_1001,REF_236,CUST_16266,2026-08-25T05:31:55.720494Z,INR,146395,paid
ORD_42_237,M_1001,REF_237,CUST_39736,2026-08-09T05:31:55.720498Z,INR,162214,paid
ORD_42_238,M_1001,REF_238,CUST_34248,2026-08-16T05:31:55.720503Z,INR,118199,paid
ORD_42_239,M_1001,REF_239,CUST_19488,2026-08-01T05:31:55.720507Z,INR,154378,cancelled
ORD_42_240,M_1001,REF_240,CUST_20014,2026-08-10T05:31:55.720512Z,INR,162898,paid
ORD_42_241,M_1001,REF_241,CUST_48503,2026-08-25T05:31:55.720516Z,INR,54570,paid
ORD_42_242,M_1001,REF_242,CUST_17344,2026-08-07T05:31:55.720521Z,INR,21382,paid
ORD_42_243,M_1001,REF_243,CUST_11392,2026-08-11T05:31:55.720526Z,INR,19777,paid
ORD_42_244,M_1001,REF_244,CUST_26773,2026-08-14T05:31:55.720530Z,INR,180814,paid
ORD_42_245,M_1001,REF_245,CUST_19088,2026-08-27T05:31:55.720535Z,INR,60780,paid
ORD_42_246,M_1001,REF_246,CUST_18529,2026-08-06T05:31:55.720539Z,INR,119121,paid
ORD_42_247,M_1001,REF_247,CUST_15298,2026-07-30T05:31:55.720544Z,INR,69451,paid
ORD_42_248,M_1001,REF_248,CUST_40964,2026-08-10T05:31:55.720548Z,INR,173425,paid
ORD_42_249,M_1001,REF_249,CUST_12965,2026-08-15T05:31:55.720553Z,INR,30187,paid
ORD_42_250,M_1001,REF_250,CUST_42444,2026-08-24T05:31:55.720557Z,INR,69733,paid
ORD_42_251,M_1001,REF_251,CUST_4680,2026-08-27T05:31:55.720562Z,INR,43595,paid
ORD_42_252,M_1001,REF_252,CUST_38997,2026-08-05T05:31:55.720566Z,INR,149314,paid
ORD_42_253,M_1001,REF_253,CUST_28781,2026-08-25T05:31:55.720571Z,INR,122966,paid
ORD_42_254,M_1001,REF_254,CUST_45858,2026-08-16T05:31:55.720576Z,INR,71467,paid
ORD_42_255,M_1001,REF_255,CUST_32362,2026-08-14T05:31:55.720580Z,INR,21187,paid
ORD_42_256,M_1001,REF_256,CUST_28314,2026-08-05T05:31:55.720587Z,INR,84594,paid
ORD_42_257,M_1001,REF_257,CUST_1696,2026-08-26T05:31:55.720591Z,INR,60111,cancelled
ORD_42_258,M_1001,REF_258,CUST_37697,2026-08-10T05:31:55.720596Z,INR,5538,cancelled
ORD_42_259,M_1001,REF_259,CUST_44059,2026-08-02T05:31:55.720601Z,INR,70750,paid
ORD_42_260,M_1001,REF_260,CUST_49563,2026-08-23T05:31:55.720605Z,INR,123438,paid
ORD_42_261,M_1001,REF_261,CUST_28982,2026-07-30T05:31:55.720610Z,INR,73017,paid
ORD_42_262,M_1001,REF_262,CUST_38361,2026-08-15T05:31:55.720614Z,INR,166505,paid
ORD_42_263,M_1001,REF_263,CUST_5980,2026-08-13T05:31:55.720619Z,INR,91315,paid
ORD_42_264,M_1001,REF_264,CUST_21041,2026-08-07T05:31:55.720623Z,INR,27520,paid
ORD_42_265,M_1001,REF_265,CUST_21615,2026-08-15T05:31:55.720628Z,INR,181942,paid
ORD_42_266,M_1001,REF_266,CUST_43424,2026-07-29T05:31:55.720632Z,INR,105076,paid
ORD_42_267,M_1001,REF_267,CUST_36052,2026-08-27T05:31:55.720637Z,INR,119329,paid
ORD_42_268,M_1001,REF_268,CUST_16542,2026-08-18T05:31:55.720641Z,INR,30488,cancelled
ORD_42_269,M_1001,REF_269,CUST_26489,2026-08-01T05:31:55.720647Z,INR,134998,paid
ORD_42_270,M_1001,REF_270,CUST_76,2026-08-07T05:31:55.720653Z,INR,142337,paid
ORD_42_271,M_1001,REF_271,CUST_3553,2026-08-22T05:31:55.720658Z,INR,136005,paid
ORD_42_272,M_1001,REF_272,CUST_49575,2026-08-13T05:31:55.720663Z,INR,164047,paid
ORD_42_273,M_1001,REF_273,CUST_3383,2026-08-22T05:31:55.720668Z,INR,70107,paid
ORD_42_274,M_1001,REF_274,CUST_18877,2026-08-14T05:31:55.720673Z,INR,183142,paid
ORD_42_275,M_1001,REF_275,CUST_1892,2026-08-08T05:31:55.720677Z,INR,159712,paid
ORD_42_276,M_1001,REF_276,CUST_46517,2026-08-23T05:31:55.720682Z,INR,81561,paid
ORD_42_277,M_1001,REF_277,CUST_36193,2026-08-15T05:31:55.720686Z,INR,24534,paid
ORD_42_278,M_1001,REF_278,CUST_7436,2026-08-14T05:31:55.720690Z,INR,30893,paid
ORD_42_279,M_1001,REF_279,CUST_10091,2026-08-13T05:31:55.720695Z,INR,187953,paid
ORD_42_280,M_1001,REF_280,CUST_46230,2026-08-20T05:31:55.720699Z,INR,109018,paid
ORD_42_281,M_1001,REF_281,CUST_30948,2026-08-21T05:31:55.720704Z,INR,119843,paid
ORD_42_282,M_1001,REF_282,CUST_25139,2026-08-22T05:31:55.720708Z,INR,157223,paid
ORD_42_283,M_1001,REF_283,CUST_8947,2026-08-01T05:31:55.720713Z,INR,18400,paid
ORD_42_284,M_1001,REF_284,CUST_27194,2026-08-18T05:31:55.720717Z,INR,133200,paid
ORD_42_285,M_1001,REF_285,CUST_169,2026-08-19T05:31:55.720723Z,INR,190429,paid
ORD_42_286,M_1001,REF_286,CUST_38466,2026-08-10T05:31:55.720727Z,INR,173099,paid
ORD_42_287,M_1001,REF_287,CUST_9739,2026-08-14T05:31:55.720733Z,INR,141285,paid
ORD_42_288,M_1001,REF_288,CUST_21787,2026-08-11T05:31:55.720738Z,INR,142556,paid
ORD_42_289,M_1001,REF_289,CUST_21089,2026-08-01T05:31:55.720743Z,INR,49554,cancelled
ORD_42_290,M_1001,REF_290,CUST_15651,2026-08-10T05:31:55.720747Z,INR,100493,paid
ORD_42_291,M_1001,REF_291,CUST_26921,2026-08-27T05:31:55.720752Z,INR,83508,paid
ORD_42_292,M_1001,REF_292,CUST_46218,2026-07-30T05:31:55.720756Z,INR,100037,paid
ORD_42_293,M_1001,REF_293,CUST_43496,2026-08-03T05:31:55.720761Z,INR,171022,cancelled
ORD_42_294,M_1001,REF_294,CUST_32462,2026-07-29T05:31:55.720765Z,INR,9804,paid
ORD_42_295,M_1001,REF_295,CUST_38679,2026-08-18T05:31:55.720770Z,INR,26409,paid
ORD_42_296,M_1001,REF_296,CUST_28856,2026-08-25T05:31:55.720775Z,INR,137974,paid
ORD_42_297,M_1001,REF_297,CUST_1006,2026-08-05T05:31:55.720779Z,INR,37889,paid
ORD_42_298,M_1001,REF_298,CUST_42912,2026-08-24T05:31:55.720783Z,INR,19715,paid
ORD_42_299,M_1001,REF_299,CUST_17369,2026-08-18T05:31:55.720788Z,INR,163483,paid
ORD_42_300,M_1001,REF_300,CUST_42588,2026-08-26T05:31:55.720792Z,INR,86231,paid
ORD_42_301,M_1001,REF_301,CUST_34972,2026-08-16T05:31:55.720798Z,INR,83110,paid
ORD_42_302,M_1001,REF_302,CUST_49769,2026-08-13T05:31:55.720803Z,INR,141924,created
ORD_42_303,M_1001,REF_303,CUST_4485,2026-08-21T05:31:55.720808Z,INR,165555,paid
ORD_42_304,M_1001,REF_304,CUST_18834,2026-08-21T05:31:55.720812Z,INR,195860,paid
ORD_42_305,M_1001,REF_305,CUST_6452,2026-08-04T05:31:55.720822Z,INR,166233,paid
ORD_42_306,M_1001,REF_306,CUST_6587,2026-08-14T05:31:55.720826Z,INR,43711,paid
ORD_42_307,M_1001,REF_307,CUST_1898,2026-08-27T05:31:55.720831Z,INR,85132,paid
ORD_42_308,M_1001,REF_308,CUST_19227,2026-08-17T05:31:55.720836Z,INR,98362,paid
ORD_42_309,M_1001,REF_309,CUST_16004,2026-08-12T05:31:55.720840Z,INR,108116,paid
ORD_42_310,M_1001,REF_310,CUST_11801,2026-08-23T05:31:55.720845Z,INR,45993,paid
ORD_42_311,M_1001,REF_311,CUST_25071,2026-08-09T05:31:55.720850Z,INR,179179,paid
ORD_42_312,M_1001,REF_312,CUST_38218,2026-08-24T05:31:55.720854Z,INR,60966,paid
ORD_42_313,M_1001,REF_313,CUST_16645,2026-08-14T05:31:55.720859Z,INR,67032,paid
ORD_42_314,M_1001,REF_314,CUST_30491,2026-07-31T05:31:55.720864Z,INR,75500,paid
ORD_42_315,M_1001,REF_315,CUST_10354,2026-08-26T05:31:55.720869Z,INR,115896,paid
ORD_42_316,M_1001,REF_316,CUST_38508,2026-08-19T05:31:55.720873Z,INR,167593,cancelled
ORD_42_317,M_1001,REF_317,CUST_45241,2026-08-20T05:31:55.720878Z,INR,119856,paid
ORD_42_318,M_1001,REF_318,CUST_13056,2026-08-16T05:31:55.720882Z,INR,126770,paid
ORD_42_319,M_1001,REF_319,CUST_24994,2026-08-10T05:31:55.720888Z,INR,94198,paid
ORD_42_320,M_1001,REF_320,CUST_45828,2026-08-19T05:31:55.720892Z,INR,5851,cancelled
ORD_42_321,M_1001,REF_321,CUST_43138,2026-08-16T05:31:55.720897Z,INR,72053,created
ORD_42_322,M_1001,REF_322,CUST_44945,2026-08-04T05:31:55.720901Z,INR,195310,cancelled
ORD_42_323,M_1001,REF_323,CUST_39742,2026-08-05T05:31:55.720906Z,INR,130314,paid
ORD_42_324,M_1001,REF_324,CUST_18757,2026-08-04T05:31:55.720911Z,INR,60424,paid
ORD_42_325,M_1001,REF_325,CUST_23090,2026-08-21T05:31:55.720915Z,INR,166985,paid
ORD_42_326,M_1001,REF_326,CUST_16426,2026-08-07T05:31:55.720919Z,INR,198170,paid
ORD_42_327,M_1001,REF_327,CUST_43201,2026-08-07T05:31:55.720924Z,INR,35955,paid
ORD_42_328,M_1001,REF_328,CUST_41122,2026-08-08T05:31:55.720928Z,INR,10434,paid
ORD_42_329,M_1001,REF_329,CUST_28890,2026-08-27T05:31:55.720933Z,INR,152031,paid
ORD_42_330,M_1001,REF_330,CUST_8613,2026-08-26T05:31:55.720937Z,INR,77461,paid
ORD_42_331,M_1001,REF_331,CUST_27231,2026-08-23T05:31:55.720941Z,INR,52737,paid
ORD_42_332,M_1001,REF_332,CUST_35351,2026-07-31T05:31:55.720946Z,INR,96007,paid
ORD_42_333,M_1001,REF_333,CUST_17861,2026-08-02T05:31:55.720951Z,INR,43234,paid
ORD_42_334,M_1001,REF_334,CUST_31579,2026-07-29T05:31:55.720955Z,INR,77469,paid
ORD_42_335,M_1001,REF_335,CUST_22199,2026-08-03T05:31:55.720959Z,INR,30291,paid
ORD_42_336,M_1001,REF_336,CUST_4935,2026-08-24T05:31:55.720964Z,INR,197796,cancelled
ORD_42_337,M_1001,REF_337,CUST_44324,2026-08-05T05:31:55.720969Z,INR,176891,cancelled
ORD_42_338,M_1001,REF_338,CUST_36525,2026-08-17T05:31:55.720974Z,INR,23772,paid
ORD_42_339,M_1001,REF_339,CUST_913,2026-08-20T05:31:55.720978Z,INR,140759,paid
ORD_42_340,M_1001,REF_340,CUST_24156,2026-08-07T05:31:55.720983Z,INR,196448,paid
ORD_42_341,M_1001,REF_341,CUST_38310,2026-08-16T05:31:55.720987Z,INR,167491,paid
ORD_42_342,M_1001,REF_342,CUST_7101,2026-08-07T05:31:55.720991Z,INR,61395,paid
ORD_42_343,M_1001,REF_343,CUST_40603,2026-07-31T05:31:55.720995Z,INR,147269,paid
ORD_42_344,M_1001,REF_344,CUST_39983,2026-08-21T05:31:55.721000Z,INR,169878,paid
ORD_42_345,M_1001,REF_345,CUST_30427,2026-07-30T05:31:55.721004Z,INR,183883,paid
ORD_42_346,M_1001,REF_346,CUST_26759,2026-08-25T05:31:55.721009Z,INR,36741,created
ORD_42_347,M_1001,REF_347,CUST_2439,2026-08-19T05:31:55.721013Z,INR,129238,paid
ORD_42_348,M_1001,REF_348,CUST_15388,2026-07-31T05:31:55.721018Z,INR,141014,paid
ORD_42_349,M_1001,REF_349,CUST_29730,2026-08-17T05:31:55.721023Z,INR,175863,paid
ORD_42_350,M_1001,REF_350,CUST_45645,2026-07-29T05:31:55.721027Z,INR,141708,paid
ORD_42_351,M_1001,REF_351,CUST_48646,2026-08-05T05:31:55.721033Z,INR,40607,paid
ORD_42_352,M_1001,REF_352,CUST_42921,2026-08-25T05:31:55.721037Z,INR,128379,paid
ORD_42_353,M_1001,REF_353,CUST_18334,2026-08-27T05:31:55.721042Z,INR,181052,paid
ORD_42_354,M_1001,REF_354,CUST_29058,2026-08-14T05:31:55.721047Z,INR,61995,paid
ORD_42_355,M_1001,REF_355,CUST_6512,2026-08-07T05:31:55.721051Z,INR,96394,paid
ORD_42_356,M_1001,REF_356,CUST_42260,2026-08-17T05:31:55.721057Z,INR,15972,paid
ORD_42_357,M_1001,REF_357,CUST_12440,2026-07-29T05:31:55.721069Z,INR,32123,paid
ORD_42_358,M_1001,REF_358,CUST_29801,2026-08-26T05:31:55.721074Z,INR,173840,paid
ORD_42_359,M_1001,REF_359,CUST_41910,2026-08-09T05:31:55.721079Z,INR,5698,paid
ORD_42_360,M_1001,REF_360,CUST_21857,2026-08-21T05:31:55.721083Z,INR,33110,paid
ORD_42_361,M_1001,REF_361,CUST_13449,2026-08-26T05:31:55.721088Z,INR,145382,paid
ORD_42_362,M_1001,REF_362,CUST_14153,2026-08-02T05:31:55.721092Z,INR,61179,paid
ORD_42_363,M_1001,REF_363,CUST_9671,2026-08-03T05:31:55.721097Z,INR,156333,created
ORD_42_364,M_1001,REF_364,CUST_9483,2026-08-24T05:31:55.721102Z,INR,141714,paid
ORD_42_365,M_1001,REF_365,CUST_11436,2026-08-25T05:31:55.721106Z,INR,173392,paid
ORD_42_366,M_1001,REF_366,CUST_8638,2026-08-28T05:31:55.721110Z,INR,94011,paid
ORD_42_367,M_1001,REF_367,CUST_15594,2026-08-10T05:31:55.721115Z,INR,84974,created
ORD_42_368,M_1001,REF_368,CUST_17392,2026-08-27T05:31:55.721121Z,INR,33328,paid
ORD_42_369,M_1001,REF_369,CUST_34478,2026-08-25T05:31:55.721126Z,INR,195571,paid
ORD_42_370,M_1001,REF_370,CUST_29379,2026-08-04T05:31:55.721130Z,INR,95006,paid
ORD_42_371,M_1001,REF_371,CUST_7147,2026-08-14T05:31:55.721135Z,INR,132178,paid
ORD_42_372,M_1001,REF_372,CUST_40312,2026-08-27T05:31:55.721139Z,INR,190742,paid
ORD_42_373,M_1001,REF_373,CUST_43182,2026-08-12T05:31:55.722362Z,INR,79170,paid
ORD_42_374,M_1001,REF_374,CUST_2042,2026-08-27T05:31:55.722379Z,INR,125662,paid
ORD_42_375,M_1001,REF_375,CUST_27937,2026-08-07T05:31:55.722385Z,INR,28401,paid
ORD_42_376,M_1001,REF_376,CUST_29070,2026-08-26T05:31:55.722390Z,INR,21278,paid
ORD_42_377,M_1001,REF_377,CUST_9722,2026-08-26T05:31:55.722395Z,INR,33180,paid
ORD_42_378,M_1001,REF_378,CUST_41490,2026-08-10T05:31:55.722399Z,INR,143848,paid
ORD_42_379,M_1001,REF_379,CUST_24963,2026-08-09T05:31:55.722404Z,INR,139182,paid
ORD_42_380,M_1001,REF_380,CUST_33132,2026-08-09T05:31:55.722408Z,INR,112874,paid
ORD_42_381,M_1001,REF_381,CUST_45992,2026-08-25T05:31:55.722412Z,INR,171729,paid
ORD_42_382,M_1001,REF_382,CUST_36133,2026-08-05T05:31:55.722419Z,INR,56467,paid
ORD_42_383,M_1001,REF_383,CUST_14975,2026-08-15T05:31:55.722430Z,INR,88948,paid
ORD_42_384,M_1001,REF_384,CUST_26132,2026-08-15T05:31:55.722435Z,INR,191363,paid
ORD_42_385,M_1001,REF_385,CUST_27969,2026-08-18T05:31:55.722439Z,INR,174454,paid
ORD_42_386,M_1001,REF_386,CUST_10004,2026-08-07T05:31:55.722444Z,INR,124426,paid
ORD_42_387,M_1001,REF_387,CUST_5595,2026-08-26T05:31:55.722448Z,INR,113313,paid
ORD_42_388,M_1001,REF_388,CUST_48418,2026-08-17T05:31:55.722453Z,INR,34208,paid
ORD_42_389,M_1001,REF_389,CUST_38435,2026-07-29T05:31:55.722457Z,INR,147316,paid
ORD_42_390,M_1001,REF_390,CUST_43910,2026-08-25T05:31:55.722462Z,INR,107791,paid
ORD_42_391,M_1001,REF_391,CUST_43604,2026-07-29T05:31:55.722466Z,INR,196782,paid
ORD_42_392,M_1001,REF_392,CUST_47256,2026-08-27T05:31:55.722471Z,INR,75500,paid
ORD_42_393,M_1001,REF_393,CUST_23046,2026-08-25T05:31:55.722475Z,INR,151597,paid
ORD_42_394,M_1001,REF_394,CUST_10141,2026-08-07T05:31:55.722479Z,INR,126503,paid
ORD_42_395,M_1001,REF_395,CUST_7093,2026-08-17T05:31:55.722484Z,INR,145921,paid
ORD_42_396,M_1001,REF_396,CUST_49979,2026-08-20T05:31:55.722488Z,INR,150596,paid
ORD_42_397,M_1001,REF_397,CUST_28123,2026-08-01T05:31:55.722492Z,INR,147153,cancelled
ORD_42_398,M_1001,REF_398,CUST_40746,2026-08-09T05:31:55.722497Z,INR,177041,paid
ORD_42_399,M_1001,REF_399,CUST_1721,2026-08-09T05:31:55.722503Z,INR,172546,paid
ORD_42_400,M_1001,REF_400,CUST_17528,2026-08-28T05:31:55.722507Z,INR,47394,paid
ORD_42_401,M_1001,REF_401,CUST_49966,2026-08-19T05:31:55.722512Z,INR,89182,paid
ORD_42_402,M_1001,REF_402,CUST_11889,2026-08-01T05:31:55.722518Z,INR,37652,paid
ORD_42_403,M_1001,REF_403,CUST_26266,2026-08-26T05:31:55.722522Z,INR,37291,paid
ORD_42_404,M_1001,REF_404,CUST_2010,2026-08-26T05:31:55.722526Z,INR,195688,paid
ORD_42_405,M_1001,REF_405,CUST_24655,2026-08-15T05:31:55.722531Z,INR,119020,paid
ORD_42_406,M_1001,REF_406,CUST_24252,2026-08-19T05:31:55.722545Z,INR,189262,paid
ORD_42_407,M_1001,REF_407,CUST_37198,2026-08-09T05:31:55.722550Z,INR,22370,paid
ORD_42_408,M_1001,REF_408,CUST_10197,2026-08-23T05:31:55.722554Z,INR,197870,paid
ORD_42_409,M_1001,REF_409,CUST_44170,2026-08-26T05:31:55.722559Z,INR,71430,paid
ORD_42_410,M_1001,REF_410,CUST_27789,2026-08-13T05:31:55.722563Z,INR,159241,paid
ORD_42_411,M_1001,REF_411,CUST_17903,2026-08-22T05:31:55.722568Z,INR,198003,paid
ORD_42_412,M_1001,REF_412,CUST_22622,2026-08-15T05:31:55.722572Z,INR,29169,paid
ORD_42_413,M_1001,REF_413,CUST_44466,2026-08-10T05:31:55.722576Z,INR,127667,paid
ORD_42_414,M_1001,REF_414,CUST_20213,2026-08-27T05:31:55.722582Z,INR,57907,paid
ORD_42_415,M_1001,REF_415,CUST_39278,2026-08-27T05:31:55.722586Z,INR,2115,paid
ORD_42_416,M_1001,REF_416,CUST_13844,2026-08-04T05:31:55.722590Z,INR,36075,paid
ORD_42_417,M_1001,REF_417,CUST_18970,2026-08-18T05:31:55.722595Z,INR,31553,created
ORD_42_418,M_1001,REF_418,CUST_48957,2026-08-15T05:31:55.722599Z,INR,46157,paid
ORD_42_419,M_1001,REF_419,CUST_34904,2026-08-06T05:31:55.722604Z,INR,60422,paid
ORD_42_420,M_1001,REF_420,CUST_43782,2026-08-03T05:31:55.722608Z,INR,92942,paid
ORD_42_421,M_1001,REF_421,CUST_48631,2026-08-27T05:31:55.722612Z,INR,114452,created
ORD_42_422,M_1001,REF_422,CUST_5103,2026-08-01T05:31:55.722617Z,INR,82166,paid
ORD_42_423,M_1001,REF_423,CUST_37579,2026-08-16T05:31:55.722622Z,INR,186090,paid
ORD_42_424,M_1001,REF_424,CUST_18974,2026-08-25T05:31:55.722626Z,INR,106276,created
ORD_42_425,M_1001,REF_425,CUST_21285,2026-08-23T05:31:55.722631Z,INR,162137,paid
ORD_42_426,M_1001,REF_426,CUST_45195,2026-07-30T05:31:55.722635Z,INR,94957,paid
ORD_42_427,M_1001,REF_427,CUST_6938,2026-08-21T05:31:55.722639Z,INR,114309,paid
ORD_42_428,M_1001,REF_428,CUST_34339,2026-08-26T05:31:55.722644Z,INR,103847,paid
ORD_42_429,M_1001,REF_429,CUST_48878,2026-08-18T05:31:55.722648Z,INR,58183,paid
ORD_42_430,M_1001,REF_430,CUST_11019,2026-08-26T05:31:55.722652Z,INR,133920,paid
ORD_42_431,M_1001,REF_431,CUST_34774,2026-08-12T05:31:55.722656Z,INR,50930,paid
ORD_42_432,M_1001,REF_432,CUST_22897,2026-08-17T05:31:55.722661Z,INR,190778,cancelled
ORD_42_433,M_1001,REF_433,CUST_42300,2026-08-02T05:31:55.722665Z,INR,38816,paid
ORD_42_434,M_1001,REF_434,CUST_9598,2026-08-20T05:31:55.722669Z,INR,51813,paid
ORD_42_435,M_1001,REF_435,CUST_10019,2026-08-04T05:31:55.722674Z,INR,199107,paid
ORD_42_436,M_1001,REF_436,CUST_11610,2026-07-29T05:31:55.722678Z,INR,164713,paid
ORD_42_437,M_1001,REF_437,CUST_49444,2026-08-10T05:31:55.722682Z,INR,199297,paid
ORD_42_438,M_1001,REF_438,CUST_44639,2026-07-30T05:31:55.722686Z,INR,148078,paid
ORD_42_439,M_1001,REF_439,CUST_40929,2026-08-18T05:31:55.722691Z,INR,164521,paid
ORD_42_440,M_1001,REF_440,CUST_28821,2026-08-26T05:31:55.722695Z,INR,123024,paid
ORD_42_441,M_1001,REF_441,CUST_19846,2026-08-03T05:31:55.722700Z,INR,72104,paid
ORD_42_442,M_1001,REF_442,CUST_23065,2026-08-12T05:31:55.722704Z,INR,19548,paid
ORD_42_443,M_1001,REF_443,CUST_29617,2026-08-27T05:31:55.722708Z,INR,15013,paid
ORD_42_444,M_1001,REF_444,CUST_18814,2026-08-26T05:31:55.722712Z,INR,169095,paid
ORD_42_445,M_1001,REF_445,CUST_5918,2026-08-09T05:31:55.722717Z,INR,155834,paid
ORD_42_446,M_1001,REF_446,CUST_30325,2026-08-10T05:31:55.722722Z,INR,145410,cancelled
ORD_42_447,M_1001,REF_447,CUST_48426,2026-07-31T05:31:55.722727Z,INR,10853,paid
ORD_42_448,M_1001,REF_448,CUST_37465,2026-08-08T05:31:55.722732Z,INR,49445,paid
ORD_42_449,M_1001,REF_449,CUST_31171,2026-08-12T05:31:55.722736Z,INR,39647,cancelled
ORD_42_450,M_1001,REF_450,CUST_29526,2026-08-25T05:31:55.722741Z,INR,90130,cancelled
ORD_42_451,M_1001,REF_451,CUST_5527,2026-08-12T05:31:55.722745Z,INR,169478,paid
ORD_42_452,M_1001,REF_452,CUST_16237,2026-08-06T05:31:55.722750Z,INR,114855,cancelled
ORD_42_453,M_1001,REF_453,CUST_34346,2026-08-12T05:31:55.722754Z,INR,159956,paid
ORD_42_454,M_1001,REF_454,CUST_24436,2026-07-30T05:31:55.722758Z,INR,74258,paid
ORD_42_455,M_1001,REF_455,CUST_22176,2026-08-07T05:31:55.722763Z,INR,156832,paid
ORD_42_456,M_1001,REF_456,CUST_41346,2026-08-08T05:31:55.722767Z,INR,87826,paid
ORD_42_457,M_1001,REF_457,CUST_6194,2026-08-11T05:31:55.722772Z,INR,177933,paid
ORD_42_458,M_1001,REF_458,CUST_16515,2026-08-05T05:31:55.722777Z,INR,172214,cancelled
ORD_42_459,M_1001,REF_459,CUST_39499,2026-08-01T05:31:55.722782Z,INR,39519,paid
ORD_42_460,M_1001,REF_460,CUST_38191,2026-08-07T05:31:55.722786Z,INR,37174,paid
ORD_42_461,M_1001,REF_461,CUST_20332,2026-07-29T05:31:55.722791Z,INR,172080,paid
ORD_42_462,M_1001,REF_462,CUST_25688,2026-08-24T05:31:55.722795Z,INR,156086,paid
ORD_42_463,M_1001,REF_463,CUST_5553,2026-08-19T05:31:55.722799Z,INR,146618,paid
ORD_42_464,M_1001,REF_464,CUST_21528,2026-08-02T05:31:55.722804Z,INR,33600,paid
ORD_42_465,M_1001,REF_465,CUST_48417,2026-08-07T05:31:55.722808Z,INR,138090,paid
ORD_42_466,M_1001,REF_466,CUST_43940,2026-08-15T05:31:55.722814Z,INR,133397,paid
ORD_42_467,M_1001,REF_467,CUST_23764,2026-08-19T05:31:55.722818Z,INR,47354,cancelled
ORD_42_468,M_1001,REF_468,CUST_22396,2026-07-29T05:31:55.722822Z,INR,127573,paid
ORD_42_469,M_1001,REF_469,CUST_9016,2026-08-24T05:31:55.722827Z,INR,20328,paid
ORD_42_470,M_1001,REF_470,CUST_6629,2026-08-12T05:31:55.722831Z,INR,141597,paid
ORD_42_471,M_1001,REF_471,CUST_34507,2026-08-27T05:31:55.722836Z,INR,173620,paid
ORD_42_472,M_1001,REF_472,CUST_40504,2026-08-24T05:31:55.722840Z,INR,156664,paid
ORD_42_473,M_1001,REF_473,CUST_10634,2026-08-23T05:31:55.722845Z,INR,181725,paid
ORD_42_474,M_1001,REF_474,CUST_10849,2026-08-05T05:31:55.722849Z,INR,114833,created
ORD_42_475,M_1001,REF_475,CUST_23875,2026-08-07T05:31:55.722853Z,INR,188735,paid
ORD_42_476,M_1001,REF_476,CUST_29112,2026-08-09T05:31:55.722858Z,INR,74792,paid
ORD_42_477,M_1001,REF_477,CUST_29421,2026-08-21T05:31:55.722862Z,INR,140087,paid
ORD_42_478,M_1001,REF_478,CUST_30738,2026-07-31T05:31:55.722866Z,INR,50960,paid
ORD_42_479,M_1001,REF_479,CUST_37384,2026-08-14T05:31:55.722872Z,INR,121126,paid
ORD_42_480,M_1001,REF_480,CUST_25027,2026-08-12T05:31:55.722877Z,INR,138370,paid
ORD_42_481,M_1001,REF_481,CUST_10621,2026-08-02T05:31:55.722881Z,INR,52449,paid
ORD_42_482,M_1001,REF_482,CUST_9071,2026-08-01T05:31:55.722887Z,INR,65636,paid
ORD_42_483,M_1001,REF_483,CUST_31496,2026-08-01T05:31:55.722892Z,INR,97411,paid
ORD_42_484,M_1001,REF_484,CUST_6724,2026-08-06T05:31:55.722896Z,INR,135342,paid
ORD_42_485,M_1001,REF_485,CUST_18682,2026-08-26T05:31:55.722900Z,INR,42124,paid
ORD_42_486,M_1001,REF_486,CUST_33644,2026-08-24T05:31:55.722906Z,INR,114780,paid
ORD_42_487,M_1001,REF_487,CUST_14552,2026-08-02T05:31:55.722911Z,INR,118360,paid
ORD_42_488,M_1001,REF_488,CUST_1748,2026-08-15T05:31:55.722915Z,INR,14060,paid
ORD_42_489,M_1001,REF_489,CUST_24508,2026-08-21T05:31:55.722920Z,INR,101331,cancelled
ORD_42_490,M_1001,REF_490,CUST_24571,2026-08-21T05:31:55.722924Z,INR,7489,paid
ORD_42_491,M_1001,REF_491,CUST_6494,2026-08-02T05:31:55.722929Z,INR,187455,paid
ORD_42_492,M_1001,REF_492,CUST_9572,2026-08-24T05:31:55.722933Z,INR,10140,paid
ORD_42_493,M_1001,REF_493,CUST_30963,2026-08-06T05:31:55.722937Z,INR,36483,paid
ORD_42_494,M_1001,REF_494,CUST_30744,2026-08-14T05:31:55.722942Z,INR,161409,created
ORD_42_495,M_1001,REF_495,CUST_5193,2026-08-28T05:31:55.722946Z,INR,67188,paid
ORD_42_496,M_1001,REF_496,CUST_9799,2026-08-11T05:31:55.722950Z,INR,190740,paid
ORD_42_497,M_1001,REF_497,CUST_27739,2026-08-25T05:31:55.722956Z,INR,75624,paid
ORD_42_498,M_1001,REF_498,CUST_7986,2026-08-27T05:31:55.722960Z,INR,62605,paid
ORD_42_499,M_1001,REF_499,CUST_40817,2026-08-14T05:31:55.722965Z,INR,16564,paid
ORD_42_500,M_1001,REF_500,CUST_32757,2026-08-09T05:31:55.722969Z,INR,140623,created
