payment_id,order_id,customer_id,amount,currency,method,status,captured_at,created_at
PAY_42_1,ORD_42_1,CUST_30313,6656,INR,netbanking,captured,2026-08-06T05:31:55.723710Z,2026-08-06T05:31:55.723710Z
PAY_42_2,ORD_42_2,CUST_29701,36679,INR,card,captured,2026-08-06T05:31:55.723742Z,2026-08-06T05:31:55.723742Z
PAY_42_3,ORD_42_3,CUST_33691,143064,INR,card,captured,2026-08-09T05:31:55.723751Z,2026-08-09T05:31:55.723751Z
PAY_42_4,ORD_42_4,CUST_25817,7911,INR,wallet,captured,2026-08-17T05:31:55.723756Z,2026-08-17T05:31:55.723756Z
PAY_42_5,ORD_42_6,CUST_8163,170463,INR,card,captured,2026-08-01T05:31:55.723761Z,2026-08-01T05:31:55.723761Z
PAY_42_6,ORD_42_7,CUST_33583,117857,INR,netbanking,captured,2026-08-25T05:31:55.723766Z,2026-08-25T05:31:55.723766Z
PAY_42_7,ORD_42_8,CUST_39140,41953,INR,wallet,captured,2026-08-24T05:31:55.723770Z,2026-08-24T05:31:55.723770Z
PAY_42_8,ORD_42_9,CUST_24703,40858,INR,netbanking,failed,,2026-08-20T05:31:55.723775Z
PAY_42_9,ORD_42_10,CUST_12231,24412,INR,card,captured,2026-08-10T05:31:55.723780Z,2026-08-10T05:31:55.723780Z
PAY_42_10,ORD_42_11,CUST_19410,90265,INR,netbanking,failed,,2026-08-02T05:31:55.723784Z
PAY_42_11,ORD_42_12,CUST_38298,120535,INR,card,captured,2026-08-26T05:31:55.723793Z,2026-08-26T05:31:55.723793Z
PAY_42_12,ORD_42_13,CUST_6167,144814,INR,card,captured,2026-08-08T05:31:55.723798Z,2026-08-08T05:31:55.723798Z
PAY_42_13,ORD_42_14,CUST_21639,94900,INR,upi,captured,2026-08-14T05:31:55.723803Z,2026-08-14T05:31:55.723803Z
PAY_42_14,ORD_42_15,CUST_10933,12112,INR,wallet,captured,2026-08-06T05:31:55.723807Z,2026-08-06T05:31:55.723807Z
PAY_42_15,ORD_42_16,CUST_3284,61124,INR,upi,captured,2026-08-26T05:31:55.723811Z,2026-08-26T05:31:55.723811Z
PAY_42_16,ORD_42_17,CUST_47730,118958,INR,upi,captured,2026-08-20T05:31:55.723815Z,2026-08-20T05:31:55.723815Z
PAY_42_17,ORD_42_18,CUST_36174,97140,INR,card,captured,2026-08-09T05:31:55.723819Z,2026-08-09T05:31:55.723819Z
PAY_42_18,ORD_42_19,CUST_47748,184077,INR,wallet,captured,2026-08-19T05:31:55.723824Z,2026-08-19T05:31:55.723824Z
PAY_42_19,ORD_42_20,CUST_2710,159780,INR,wallet,failed,,2026-08-06T05:31:55.723829Z
PAY_42_20,ORD_42_21,CUST_23470,64275,INR,card,captured,2026-08-15T05:31:55.723833Z,2026-08-15T05:31:55.723833Z
PAY_42_21,ORD_42_22,CUST_37624,167872,INR,netbanking,captured,2026-08-26T05:31:55.723837Z,2026-08-26T05:31:55.723837Z
PAY_42_22,ORD_42_23,CUST_29038,85108,INR,wallet,captured,2026-08-25T05:31:55.723841Z,2026-08-25T05:31:55.723841Z
PAY_42_23,ORD_42_24,CUST_6931,8514,INR,card,captured,2026-08-24T05:31:55.723845Z,2026-08-24T05:31:55.723845Z
PAY_42_24,ORD_42_25,CUST_8260,17450,INR,card,failed,,2026-08-02T05:31:55.723850Z
PAY_42_25,ORD_42_26,CUST_7769,188296,INR,upi,captured,2026-08-04T05:31:55.723854Z,2026-08-04T05:31:55.723854Z
PAY_42_26,ORD_42_27,CUST_49430,103812,INR,upi,captured,2026-08-13T05:31:55.723859Z,2026-08-13T05:31:55.723859Z
PAY_42_27,ORD_42_28,CUST_25271,37552,INR,upi,captured,2026-08-02T05:31:55.723863Z,2026-08-02T05:31:55.723863Z
PAY_42_28,ORD_42_29,CUST_47038,147259,INR,card,captured,2026-08-27T05:31:55.723867Z,2026-08-27T05:31:55.723867Z
PAY_42_29,ORD_42_30,CUST_12714,112411,INR,wallet,captured,2026-07-30T05:31:55.723871Z,2026-07-30T05:31:55.723871Z
PAY_42_30,ORD_42_32,CUST_17061,129472,INR,wallet,captured,2026-08-10T05:31:55.723875Z,2026-08-10T05:31:55.723875Z
PAY_42_31,ORD_42_33,CUST_26078,28843,INR,upi,captured,2026-08-15T05:31:55.723879Z,2026-08-15T05:31:55.723879Z
PAY_42_32,ORD_42_34,CUST_12305,178484,INR,netbanking,captured,2026-08-23T05:31:55.723883Z,2026-08-23T05:31:55.723883Z
PAY_42_33,ORD_42_35,CUST_43887,100139,INR,card,captured,2026-07-29T05:31:55.723887Z,2026-07-29T05:31:55.723887Z
PAY_42_34,ORD_42_37,CUST_22637,189032,INR,netbanking,captured,2026-08-19T05:31:55.723892Z,2026-08-19T05:31:55.723892Z
PAY_42_35,ORD_42_38,CUST_25504,70046,INR,wallet,captured,2026-08-22T05:31:55.723895Z,2026-08-22T05:31:55.723895Z
PAY_42_36,ORD_42_39,CUST_6291,77039,INR,card,captured,2026-08-14T05:31:55.723899Z,2026-08-14T05:31:55.723899Z
PAY_42_37,ORD_42_40,CUST_37942,189392,INR,card,captured,2026-08-11T05:31:55.723904Z,2026-08-11T05:31:55.723904Z
PAY_42_38,ORD_42_41,CUST_29418,199843,INR,netbanking,captured,2026-08-21T05:31:55.723908Z,2026-08-21T05:31:55.723908Z
PAY_42_39,ORD_42_42,CUST_401,164018,INR,netbanking,captured,2026-08-24T05:31:55.723912Z,2026-08-24T05:31:55.723912Z
PAY_42_40,ORD_42_43,CUST_37110,159737,INR,card,captured,2026-08-21T05:31:55.723916Z,2026-08-21T05:31:55.723916Z
PAY_42_41,ORD_42_44,CUST_27860,42449,INR,wallet,captured,2026-08-22T05:31:55.723920Z,2026-08-22T05:31:55.723920Z
PAY_42_42,ORD_42_45,CUST_7629,249,INR,wallet,captured,2026-08-23T05:31:55.723924Z,2026-08-23T05:31:55.723924Z
PAY_42_43,ORD_42_46,CUST_35451,29425,INR,netbanking,captured,2026-08-20T05:31:55.723930Z,2026-08-20T05:31:55.723930Z
PAY_42_44,ORD_42_47,CUST_13088,15284,INR,netbanking,captured,2026-08-06T05:31:55.723934Z,2026-08-06T05:31:55.723934Z
PAY_42_45,ORD_42_48,CUST_31384,20745,INR,upi,captured,2026-08-26T05:31:55.723940Z,2026-08-26T05:31:55.723940Z
PAY_42_46,ORD_42_50,CUST_31572,33067,INR,card,captured,2026-08-20T05:31:55.723944Z,2026-08-20T05:31:55.723944Z
PAY_42_47,ORD_42_51,CUST_14634,144227,INR,upi,captured,2026-08-24T05:31:55.723948Z,2026-08-24T05:31:55.723948Z
PAY_42_48,ORD_42_52,CUST_41968,159114,INR,wallet,captured,2026-08-22T05:31:55.723952Z,2026-08-22T05:31:55.723952Z
PAY_42_49,ORD_42_53,CUST_19598,141473,INR,wallet,captured,2026-08-10T05:31:55.723956Z,2026-08-10T05:31:55.723956Z
PAY_42_50,ORD_42_54,CUST_49298,186995,INR,upi,captured,2026-08-14T05:31:55.723960Z,2026-08-14T05:31:55.723960Z
PAY_42_51,ORD_42_55,CUST_47436,97989,INR,wallet,captured,2026-08-13T05:31:55.723964Z,2026-08-13T05:31:55.723964Z
PAY_42_52,ORD_42_56,CUST_14005,31820,INR,card,captured,2026-08-02T05:31:55.723969Z,2026-08-02T05:31:55.723969Z
PAY_42_53,ORD_42_57,CUST_39740,5614,INR,netbanking,captured,2026-08-06T05:31:55.723973Z,2026-08-06T05:31:55.723973Z
PAY_42_54,ORD_42_59,CUST_41801,15533,INR,card,captured,2026-08-08T05:31:55.723978Z,2026-08-08T05:31:55.723978Z
PAY_42_55,ORD_42_60,CUST_12320,86719,INR,netbanking,captured,2026-07-31T05:31:55.723982Z,2026-07-31T05:31:55.723982Z
PAY_42_56,ORD_42_61,CUST_16793,175468,INR,card,failed,,2026-08-09T05:31:55.723986Z
PAY_42_57,ORD_42_62,CUST_19479,189722,INR,wallet,captured,2026-08-14T05:31:55.723990Z,2026-08-14T05:31:55.723990Z
PAY_42_58,ORD_42_63,CUST_45483,124007,INR,wallet,captured,2026-08-14T05:31:55.723994Z,2026-08-14T05:31:55.723994Z
PAY_42_59,ORD_42_64,CUST_21061,106808,INR,card,captured,2026-08-24T05:31:55.723999Z,2026-08-24T05:31:55.723999Z
PAY_42_60,ORD_42_65,CUST_25406,113097,INR,card,captured,2026-08-17T05:31:55.724003Z,2026-08-17T05:31:55.724003Z
PAY_42_61,ORD_42_66,CUST_20293,191222,INR,upi,captured,2026-08-14T05:31:55.724007Z,2026-08-14T05:31:55.724007Z
PAY_42_62,ORD_42_67,CUST_30345,25899,INR,netbanking,captured,2026-08-22T05:31:55.724010Z,2026-08-22T05:31:55.724010Z
PAY_42_63,ORD_42_68,CUST_15723,28744,INR,wallet,captured,2026-08-19T05:31:55.724014Z,2026-08-19T05:31:55.724014Z
PAY_42_64,ORD_42_69,CUST_11896,117701,INR,card,captured,2026-08-19T05:31:55.724018Z,2026-08-19T05:31:55.724018Z
PAY_42_65,ORD_42_70,CUST_13995,121375,INR,netbanking,captured,2026-08-24T05:31:55.724023Z,2026-08-24T05:31:55.724023Z
PAY_42_66,ORD_42_71,CUST_17102,144364,INR,netbanking,captured,2026-08-06T05:31:55.724028Z,2026-08-06T05:31:55.724028Z
PAY_42_67,ORD_42_73,CUST_16692,62065,INR,netbanking,failed,,2026-08-16T05:31:55.724032Z
PAY_42_68,ORD_42_74,CUST_8764,56132,INR,upi,captured,2026-08-25T05:31:55.724036Z,2026-08-25T05:31:55.724036Z
PAY_42_69,ORD_42_76,CUST_32839,119377,INR,upi,captured,2026-08-15T05:31:55.724040Z,2026-08-15T05:31:55.724040Z
PAY_42_70,ORD_42_78,CUST_10099,188426,INR,card,captured,2026-08-20T05:31:55.724044Z,2026-08-20T05:31:55.724044Z
PAY_42_71,ORD_42_80,CUST_3361,142233,INR,wallet,captured,2026-08-12T05:31:55.724048Z,2026-08-12T05:31:55.724048Z
PAY_42_72,ORD_42_81,CUST_36823,13244,INR,wallet,captured,2026-08-14T05:31:55.724053Z,2026-08-14T05:31:55.724053Z
PAY_42_73,ORD_42_82,CUST_587,139331,INR,card,captured,2026-08-08T05:31:55.724057Z,2026-08-08T05:31:55.724057Z
PAY_42_74,ORD_42_83,CUST_4999,48812,INR,wallet,captured,2026-08-13T05:31:55.724074Z,2026-08-13T05:31:55.724074Z
PAY_42_75,ORD_42_84,CUST_29362,61757,INR,netbanking,captured,2026-08-07T05:31:55.724080Z,2026-08-07T05:31:55.724080Z
PAY_42_76,ORD_42_85,CUST_31423,151860,INR,wallet,captured,2026-08-07T05:31:55.724084Z,2026-08-07T05:31:55.724084Z
PAY_42_77,ORD_42_86,CUST_464,109997,INR,upi,captured,2026-08-23T05:31:55.724088Z,2026-08-23T05:31:55.724088Z
PAY_42_78,ORD_42_87,CUST_5805,83034,INR,card,captured,2026-08-18T05:31:55.724098Z,2026-08-18T05:31:55.724098Z
PAY_42_79,ORD_42_88,CUST_12136,187845,INR,upi,captured,2026-08-02T05:31:55.724105Z,2026-08-02T05:31:55.724105Z
PAY_42_80,ORD_42_89,CUST_21310,34408,INR,netbanking,captured,2026-08-17T05:31:55.724111Z,2026-08-17T05:31:55.724111Z
PAY_42_81,ORD_42_90,CUST_3869,82983,INR,wallet,captured,2026-08-15T05:31:55.724118Z,2026-08-15T05:31:55.724118Z
PAY_42_82,ORD_42_91,CUST_14355,120236,INR,card,captured,2026-08-06T05:31:55.724122Z,2026-08-06T05:31:55.724122Z
PAY_42_83,ORD_42_92,CUST_40240,19304,INR,netbanking,captured,2026-07-30T05:31:55.724127Z,2026-07-30T05:31:55.724127Z
PAY_42_84,ORD_42_93,CUST_2578,34822,INR,wallet,captured,2026-08-27T05:31:55.724131Z,2026-08-27T05:31:55.724131Z
PAY_42_85,ORD_42_94,CUST_1732,64137,INR,upi,captured,2026-08-25T05:31:55.724134Z,2026-08-25T05:31:55.724134Z
PAY_42_86,ORD_42_95,CUST_16981,142501,INR,netbanking,captured,2026-08-01T05:31:55.724138Z,2026-08-01T05:31:55.724138Z
PAY_42_87,ORD_42_96,CUST_11027,171535,INR,netbanking,captured,2026-08-09T05:31:55.724143Z,2026-08-09T05:31:55.724143Z
PAY_42_88,ORD_42_97,CUST_37574,145485,INR,wallet,captured,2026-08-18T05:31:55.724147Z,2026-08-18T05:31:55.724147Z
PAY_42_89,ORD_42_98,CUST_43494,35303,INR,wallet,captured,2026-08-08T05:31:55.724151Z,2026-08-08T05:31:55.724151Z
PAY_42_90,ORD_42_99,CUST_28997,145124,INR,netbanking,captured,2026-08-17T05:31:55.724155Z,2026-08-17T05:31:55.724155Z
PAY_42_91,ORD_42_100,CUST_1102,55315,INR,wallet,captured,2026-08-02T05:31:55.724159Z,2026-08-02T05:31:55.724159Z
PAY_42_92,ORD_42_101,CUST_28861,166361,INR,netbanking,captured,2026-08-02T05:31:55.724163Z,2026-08-02T05:31:55.724163Z
PAY_42_93,ORD_42_102,CUST_7362,65929,INR,netbanking,captured,2026-08-10T05:31:55.724167Z,2026-08-10T05:31:55.724167Z
PAY_42_94,ORD_42_103,CUST_6877,166373,INR,wallet,captured,2026-08-26T05:31:55.724172Z,2026-08-26T05:31:55.724172Z
PAY_42_95,ORD_42_104,CUST_45312,1029,INR,upi,captured,2026-08-08T05:31:55.724177Z,2026-08-08T05:31:55.724177Z
PAY_42_96,ORD_42_105,CUST_15151,68770,INR,wallet,captured,2026-08-02T05:31:55.724181Z,2026-08-02T05:31:55.724181Z
PAY_42_97,ORD_42_106,CUST_20522,185086,INR,netbanking,captured,2026-08-28T05:31:55.724185Z,2026-08-28T05:31:55.724185Z
PAY_42_98,ORD_42_107,CUST_8477,19824,INR,card,captured,2026-08-16T05:31:55.724190Z,2026-08-16T05:31:55.724190Z
PAY_42_99,ORD_42_108,CUST_42970,39173,INR,card,captured,2026-08-12T05:31:55.724194Z,2026-08-12T05:31:55.724194Z
PAY_42_100,ORD_42_109,CUST_44560,144941,INR,card,captured,2026-08-15T05:31:55.724198Z,2026-08-15T05:31:55.724198Z
PAY_42_101,ORD_42_110,CUST_36573,80908,INR,card,captured,2026-08-05T05:31:55.724202Z,2026-08-05T05:31:55.724202Z
PAY_42_102,ORD_42_111,CUST_23414,93897,INR,card,captured,2026-08-15T05:31:55.724206Z,2026-08-15T05:31:55.724206Z
PAY_42_103,ORD_42_112,CUST_24526,27046,INR,upi,captured,2026-08-10T05:31:55.724210Z,2026-08-10T05:31:55.724210Z
PAY_42_104,ORD_42_114,CUST_28729,62159,INR,card,captured,2026-08-15T05:31:55.724214Z,2026-08-15T05:31:55.724214Z
PAY_42_105,ORD_42_116,CUST_40147,87180,INR,card,captured,2026-08-26T05:31:55.724218Z,2026-08-26T05:31:55.724218Z
PAY_42_106,ORD_42_117,CUST_17755,175712,INR,wallet,captured,2026-08-28T05:31:55.724222Z,2026-08-28T05:31:55.724222Z
PAY_42_107,ORD_42_118,CUST_1681,41832,INR,upi,captured,2026-07-29T05:31:55.724227Z,2026-07-29T05:31:55.724227Z
PAY_42_108,ORD_42_119,CUST_8189,10251,INR,card,captured,2026-08-19T05:31:55.724231Z,2026-08-19T05:31:55.724231Z
PAY_42_109,ORD_42_120,CUST_17767,120765,INR,upi,failed,,2026-08-16T05:31:55.724235Z
PAY_42_110,ORD_42_121,CUST_2882,6303,INR,upi,captured,2026-08-26T05:31:55.724240Z,2026-08-26T05:31:55.724240Z
PAY_42_111,ORD_42_122,CUST_27289,73134,INR,card,captured,2026-08-22T05:31:55.724244Z,2026-08-22T05:31:55.724244Z
PAY_42_112,ORD_42_123,CUST_18512,168260,INR,wallet,captured,2026-08-10T05:31:55.724248Z,2026-08-10T05:31:55.724248Z
PAY_42_113,ORD_42_124,CUST_32981,140665,INR,upi,failed,,2026-08-13T05:31:55.724252Z
PAY_42_114,ORD_42_125,CUST_29139,68575,INR,card,failed,,2026-07-31T05:31:55.724255Z
PAY_42_115,ORD_42_126,CUST_14539,28517,INR,netbanking,captured,2026-08-13T05:31:55.724259Z,2026-08-13T05:31:55.724259Z
PAY_42_116,ORD_42_127,CUST_16940,82328,INR,upi,captured,2026-08-05T05:31:55.724263Z,2026-08-05T05:31:55.724263Z
PAY_42_117,ORD_42_128,CUST_20632,101076,INR,card,captured,2026-08-15T05:31:55.724269Z,2026-08-15T05:31:55.724269Z
PAY_42_118,ORD_42_129,CUST_49407,11735,INR,wallet,captured,2026-08-25T05:31:55.724273Z,2026-08-25T05:31:55.724273Z
PAY_42_119,ORD_42_130,CUST_43324,141251,INR,upi,captured,2026-08-13T05:31:55.724277Z,2026-08-13T05:31:55.724277Z
PAY_42_120,ORD_42_131,CUST_2313,175901,INR,wallet,captured,2026-08-16T05:31:55.724281Z,2026-08-16T05:31:55.724281Z
PAY_42_121,ORD_42_132,CUST_11074,174225,INR,card,captured,2026-08-04T05:31:55.724286Z,2026-08-04T05:31:55.724286Z
PAY_42_122,ORD_42_133,CUST_40886,174003,INR,upi,captured,2026-08-05T05:31:55.724290Z,2026-08-05T05:31:55.724290Z
PAY_42_123,ORD_42_134,CUST_27089,78827,INR,wallet,captured,2026-08-24T05:31:55.724294Z,2026-08-24T05:31:55.724294Z
PAY_42_124,ORD_42_135,CUST_36451,85606,INR,netbanking,captured,2026-08-20T05:31:55.724298Z,2026-08-20T05:31:55.724298Z
PAY_42_125,ORD_42_136,CUST_37013,33467,INR,card,captured,2026-08-09T05:31:55.724303Z,2026-08-09T05:31:55.724303Z
PAY_42_126,ORD_42_137,CUST_3974,99490,INR,netbanking,failed,,2026-08-01T05:31:55.724307Z
PAY_42_127,ORD_42_138,CUST_7869,149287,INR,netbanking,captured,2026-08-01T05:31:55.724311Z,2026-08-01T05:31:55.724311Z
PAY_42_128,ORD_42_139,CUST_16764,206,INR,upi,captured,2026-08-05T05:31:55.724315Z,2026-08-05T05:31:55.724315Z
PAY_42_129,ORD_42_140,CUST_44650,152139,INR,card,captured,2026-08-21T05:31:55.724319Z,2026-08-21T05:31:55.724319Z
PAY_42_130,ORD_42_141,CUST_11286,115911,INR,upi,captured,2026-08-20T05:31:55.724324Z,2026-08-20T05:31:55.724324Z
PAY_42_131,ORD_42_142,CUST_10939,124142,INR,card,captured,2026-08-12T05:31:55.724328Z,2026-08-12T05:31:55.724328Z
PAY_42_132,ORD_42_143,CUST_34523,172813,INR,netbanking,captured,2026-08-19T05:31:55.724332Z,2026-08-19T05:31:55.724332Z
PAY_42_133,ORD_42_144,CUST_24330,166021,INR,card,captured,2026-08-17T05:31:55.724336Z,2026-08-17T05:31:55.724336Z
PAY_42_134,ORD_42_145,CUST_5287,197006,INR,upi,captured,2026-08-07T05:31:55.724340Z,2026-08-07T05:31:55.724340Z
PAY_42_135,ORD_42_146,CUST_49599,52300,INR,card,captured,2026-08-13T05:31:55.724344Z,2026-08-13T05:31:55.724344Z
PAY_42_136,ORD_42_147,CUST_27238,124654,INR,wallet,captured,2026-08-24T05:31:55.724348Z,2026-08-24T05:31:55.724348Z
PAY_42_137,ORD_42_148,CUST_25873,108743,INR,card,captured,2026-08-20T05:31:55.724352Z,2026-08-20T05:31:55.724352Z
PAY_42_138,ORD_42_149,CUST_20663,188410,INR,upi,captured,2026-08-14T05:31:55.724356Z,2026-08-14T05:31:55.724356Z
PAY_42_139,ORD_42_150,CUST_9834,64059,INR,card,captured,2026-08-06T05:31:55.724362Z,2026-08-06T05:31:55.724362Z
PAY_42_140,ORD_42_151,CUST_42468,196960,INR,netbanking,captured,2026-07-31T05:31:55.724366Z,2026-07-31T05:31:55.724366Z
PAY_42_141,ORD_42_152,CUST_46192,111549,INR,wallet,captured,2026-08-05T05:31:55.724371Z,2026-08-05T05:31:55.724371Z
PAY_42_142,ORD_42_153,CUST_19428,121878,INR,upi,captured,2026-08-16T05:31:55.724375Z,2026-08-16T05:31:55.724375Z
PAY_42_143,ORD_42_154,CUST_28063,31913,INR,netbanking,captured,2026-08-21T05:31:55.724379Z,2026-08-21T05:31:55.724379Z
PAY_42_144,ORD_42_156,CUST_21521,198084,INR,wallet,captured,2026-08-12T05:31:55.724383Z,2026-08-12T05:31:55.724383Z
PAY_42_145,ORD_42_157,CUST_15082,188653,INR,upi,captured,2026-08-21T05:31:55.724387Z,2026-08-21T05:31:55.724387Z
PAY_42_146,ORD_42_158,CUST_20869,143721,INR,upi,captured,2026-08-26T05:31:55.724391Z,2026-08-26T05:31:55.724391Z
PAY_42_147,ORD_42_159,CUST_45636,124533,INR,wallet,failed,,2026-07-31T05:31:55.724400Z
PAY_42_148,ORD_42_160,CUST_1991,167259,INR,card,captured,2026-08-16T05:31:55.724404Z,2026-08-16T05:31:55.724404Z
PAY_42_149,ORD_42_161,CUST_18543,164398,INR,netbanking,captured,2026-08-18T05:31:55.724408Z,2026-08-18T05:31:55.724408Z
PAY_42_150,ORD_42_162,CUST_48539,187151,INR,card,captured,2026-08-10T05:31:55.724413Z,2026-08-10T05:31:55.724413Z
PAY_42_151,ORD_42_163,CUST_2108,83909,INR,card,captured,2026-07-30T05:31:55.724416Z,2026-07-30T05:31:55.724416Z
PAY_42_152,ORD_42_164,CUST_15595,39639,INR,card,captured,2026-08-02T05:31:55.724421Z,2026-08-02T05:31:55.724421Z
PAY_42_153,ORD_42_165,CUST_45608,185283,INR,card,captured,2026-07-29T05:31:55.724425Z,2026-07-29T05:31:55.724425Z
PAY_42_154,ORD_42_166,CUST_22834,86838,INR,wallet,captured,2026-08-10T05:31:55.724430Z,2026-08-10T05:31:55.724430Z
PAY_42_155,ORD_42_167,CUST_7835,54320,INR,netbanking,captured,2026-08-12T05:31:55.724434Z,2026-08-12T05:31:55.724434Z
PAY_42_156,ORD_42_168,CUST_29689,153212,INR,card,captured,2026-08-03T05:31:55.724438Z,2026-08-03T05:31:55.724438Z
PAY_42_157,ORD_42_169,CUST_47081,151013,INR,upi,captured,2026-08-21T05:31:55.724442Z,2026-08-21T05:31:55.724442Z
PAY_42_158,ORD_42_170,CUST_40861,92311,INR,wallet,failed,,2026-08-05T05:31:55.724446Z
PAY_42_159,ORD_42_171,CUST_43099,109943,INR,upi,captured,2026-08-11T05:31:55.724450Z,2026-08-11T05:31:55.724450Z
PAY_42_160,ORD_42_172,CUST_28531,158239,INR,card,captured,2026-07-29T05:31:55.724454Z,2026-07-29T05:31:55.724454Z
PAY_42_161,ORD_42_173,CUST_40147,71648,INR,upi,failed,,2026-08-21T05:31:55.724458Z
PAY_42_162,ORD_42_174,CUST_49588,88214,INR,card,captured,2026-08-10T05:31:55.724461Z,2026-08-10T05:31:55.724461Z
PAY_42_163,ORD_42_175,CUST_13612,43365,INR,card,captured,2026-08-09T05:31:55.724465Z,2026-08-09T05:31:55.724465Z
PAY_42_164,ORD_42_177,CUST_28167,148051,INR,netbanking,captured,2026-08-19T05:31:55.724469Z,2026-08-19T05:31:55.724469Z
PAY_42_165,ORD_42_178,CUST_48517,112458,INR,netbanking,captured,2026-08-03T05:31:55.724473Z,2026-08-03T05:31:55.724473Z
PAY_42_166,ORD_42_179,CUST_22982,13281,INR,card,captured,2026-08-09T05:31:55.724478Z,2026-08-09T05:31:55.724478Z
PAY_42_167,ORD_42_180,CUST_29784,119296,INR,card,failed,,2026-08-23T05:31:55.724482Z
PAY_42_168,ORD_42_181,CUST_26514,99485,INR,upi,captured,2026-08-28T05:31:55.724486Z,2026-08-28T05:31:55.724486Z
PAY_42_169,ORD_42_182,CUST_11571,21571,INR,wallet,captured,2026-08-13T05:31:55.724490Z,2026-08-13T05:31:55.724490Z
PAY_42_170,ORD_42_184,CUST_29823,170531,INR,card,captured,2026-08-27T05:31:55.724495Z,2026-08-27T05:31:55.724495Z
PAY_42_171,ORD_42_186,CUST_27087,5442,INR,card,captured,2026-08-02T05:31:55.724499Z,2026-08-02T05:31:55.724499Z
PAY_42_172,ORD_42_187,CUST_36667,124241,INR,upi,captured,2026-08-06T05:31:55.724503Z,2026-08-06T05:31:55.724503Z
PAY_42_173,ORD_42_188,CUST_17699,57238,INR,wallet,captured,2026-08-05T05:31:55.724507Z,2026-08-05T05:31:55.724507Z
PAY_42_174,ORD_42_189,CUST_14871,96803,INR,upi,captured,2026-07-31T05:31:55.724512Z,2026-07-31T05:31:55.724512Z
PAY_42_175,ORD_42_190,CUST_47885,196164,INR,wallet,captured,2026-07-31T05:31:55.724516Z,2026-07-31T05:31:55.724516Z
PAY_42_176,ORD_42_191,CUST_47533,81636,INR,upi,captured,2026-08-09T05:31:55.724520Z,2026-08-09T05:31:55.724520Z
PAY_42_177,ORD_42_192,CUST_6636,81877,INR,wallet,failed,,2026-08-01T05:31:55.724524Z
PAY_42_178,ORD_42_193,CUST_23541,187536,INR,upi,captured,2026-07-31T05:31:55.724528Z,2026-07-31T05:31:55.724528Z
PAY_42_179,ORD_42_194,CUST_28979,164527,INR,wallet,captured,2026-08-17T05:31:55.724532Z,2026-08-17T05:31:55.724532Z
PAY_42_180,ORD_42_195,CUST_37068,79158,INR,card,captured,2026-08-02T05:31:55.724538Z,2026-08-02T05:31:55.724538Z
PAY_42_181,ORD_42_196,CUST_115,31833,INR,wallet,captured,2026-08-28T05:31:55.724542Z,2026-08-28T05:31:55.724542Z
PAY_42_182,ORD_42_197,CUST_44843,10866,INR,card,captured,2026-08-19T05:31:55.724546Z,2026-08-19T05:31:55.724546Z
PAY_42_183,ORD_42_198,CUST_14151,97242,INR,wallet,captured,2026-08-27T05:31:55.724550Z,2026-08-27T05:31:55.724550Z
PAY_42_184,ORD_42_199,CUST_9864,3416,INR,netbanking,captured,2026-08-12T05:31:55.724554Z,2026-08-12T05:31:55.724554Z
PAY_42_185,ORD_42_201,CUST_5964,120617,INR,netbanking,failed,,2026-08-14T05:31:55.724558Z
PAY_42_186,ORD_42_202,CUST_5838,192460,INR,upi,captured,2026-08-11T05:31:55.724562Z,2026-08-11T05:31:55.724562Z
PAY_42_187,ORD_42_203,CUST_17330,161557,INR,upi,failed,,2026-08-23T05:31:55.724566Z
PAY_42_188,ORD_42_204,CUST_33795,126845,INR,upi,captured,2026-08-13T05:31:55.724570Z,2026-08-13T05:31:55.724570Z
PAY_42_189,ORD_42_205,CUST_22983,70458,INR,card,captured,2026-08-17T05:31:55.724573Z,2026-08-17T05:31:55.724573Z
PAY_42_190,ORD_42_206,CUST_19544,22818,INR,card,captured,2026-08-25T05:31:55.724577Z,2026-08-25T05:31:55.724577Z
PAY_42_191,ORD_42_207,CUST_17319,196832,INR,netbanking,captured,2026-07-29T05:31:55.724581Z,2026-07-29T05:31:55.724581Z
PAY_42_192,ORD_42_208,CUST_48416,99449,INR,upi,captured,2026-08-07T05:31:55.724586Z,2026-08-07T05:31:55.724586Z
PAY_42_193,ORD_42_209,CUST_1990,85300,INR,netbanking,captured,2026-08-03T05:31:55.724590Z,2026-08-03T05:31:55.724590Z
PAY_42_194,ORD_42_210,CUST_39772,67825,INR,upi,captured,2026-08-22T05:31:55.724594Z,2026-08-22T05:31:55.724594Z
PAY_42_195,ORD_42_211,CUST_34171,72522,INR,netbanking,captured,2026-08-14T05:31:55.724598Z,2026-08-14T05:31:55.724598Z
PAY_42_196,ORD_42_212,CUST_18319,50184,INR,card,captured,2026-08-18T05:31:55.724602Z,2026-08-18T05:31:55.724602Z
PAY_42_197,ORD_42_213,CUST_16301,128177,INR,card,captured,2026-08-06T05:31:55.724606Z,2026-08-06T05:31:55.724606Z
PAY_42_198,ORD_42_214,CUST_18080,124904,INR,netbanking,captured,2026-08-09T05:31:55.724610Z,2026-08-09T05:31:55.724610Z
PAY_42_199,ORD_42_215,CUST_2178,4620,INR,wallet,captured,2026-08-16T05:31:55.724614Z,2026-08-16T05:31:55.724614Z
PAY_42_200,ORD_42_216,CUST_17259,181447,INR,wallet,captured,2026-07-29T05:31:55.724618Z,2026-07-29T05:31:55.724618Z
PAY_42_201,ORD_42_217,CUST_4071,96836,INR,card,captured,2026-08-08T05:31:55.724622Z,2026-08-08T05:31:55.724622Z
PAY_42_202,ORD_42_219,CUST_12833,92325,INR,netbanking,captured,2026-08-18T05:31:55.724628Z,2026-08-18T05:31:55.724628Z
PAY_42_203,ORD_42_220,CUST_38817,66003,INR,card,captured,2026-08-02T05:31:55.724633Z,2026-08-02T05:31:55.724633Z
PAY_42_204,ORD_42_221,CUST_25521,82819,INR,upi,captured,2026-08-04T05:31:55.724637Z,2026-08-04T05:31:55.724637Z
PAY_42_205,ORD_42_222,CUST_5056,199903,INR,netbanking,captured,2026-08-28T05:31:55.724641Z,2026-08-28T05:31:55.724641Z
PAY_42_206,ORD_42_223,CUST_49986,193720,INR,wallet,captured,2026-08-25T05:31:55.724645Z,2026-08-25T05:31:55.724645Z
PAY_42_207,ORD_42_224,CUST_29964,199383,INR,card,captured,2026-08-10T05:31:55.724649Z,2026-08-10T05:31:55.724649Z
PAY_42_208,ORD_42_225,CUST_44852,50986,INR,upi,captured,2026-08-05T05:31:55.724653Z,2026-08-05T05:31:55.724653Z
PAY_42_209,ORD_42_228,CUST_20359,76681,INR,netbanking,captured,2026-08-06T05:31:55.724658Z,2026-08-06T05:31:55.724658Z
PAY_42_210,ORD_42_229,CUST_19994,197439,INR,card,captured,2026-08-27T05:31:55.724663Z,2026-08-27T05:31:55.724663Z
PAY_42_211,ORD_42_230,CUST_46814,74637,INR,netbanking,captured,2026-08-17T05:31:55.724667Z,2026-08-17T05:31:55.724667Z
PAY_42_212,ORD_42_232,CUST_41462,125333,INR,netbanking,captured,2026-08-08T05:31:55.724671Z,2026-08-08T05:31:55.724671Z
PAY_42_213,ORD_42_233,CUST_3064,129008,INR,wallet,captured,2026-08-21T05:31:55.724678Z,2026-08-21T05:31:55.724678Z
PAY_42_214,ORD_42_234,CUST_705,14153,INR,card,captured,2026-08-13T05:31:55.724686Z,2026-08-13T05:31:55.724686Z
PAY_42_215,ORD_42_235,CUST_29667,79748,INR,netbanking,captured,2026-08-10T05:31:55.724690Z,2026-08-10T05:31:55.724690Z
PAY_42_216,ORD_42_236,CUST_32888,146395,INR,netbanking,captured,2026-08-10T05:31:55.724695Z,2026-08-10T05:31:55.724695Z
PAY_42_217,ORD_42_237,CUST_46514,162214,INR,upi,captured,2026-08-12T05:31:55.724699Z,2026-08-12T05:31:55.724699Z
PAY_42_218,ORD_42_238,CUST_47015,118199,INR,wallet,captured,2026-08-12T05:31:55.724703Z,2026-08-12T05:31:55.724703Z
PAY_42_219,ORD_42_240,CUST_49144,162898,INR,card,captured,2026-08-09T05:31:55.724707Z,2026-08-09T05:31:55.724707Z
PAY_42_220,ORD_42_241,CUST_23072,54570,INR,netbanking,captured,2026-08-24T05:31:55.724717Z,2026-08-24T05:31:55.724717Z
PAY_42_221,ORD_42_242,CUST_7608,21382,INR,wallet,captured,2026-08-03T05:31:55.724721Z,2026-08-03T05:31:55.724721Z
PAY_42_222,ORD_42_243,CUST_683,19777,INR,wallet,captured,2026-08-05T05:31:55.724726Z,2026-08-05T05:31:55.724726Z
PAY_42_223,ORD_42_244,CUST_16961,180814,INR,wallet,captured,2026-08-13T05:31:55.724730Z,2026-08-13T05:31:55.724730Z
PAY_42_224,ORD_42_245,CUST_49267,60780,INR,upi,captured,2026-08-05T05:31:55.724734Z,2026-08-05T05:31:55.724734Z
PAY_42_225,ORD_42_246,CUST_19298,119121,INR,wallet,captured,2026-08-15T05:31:55.724738Z,2026-08-15T05:31:55.724738Z
PAY_42_226,ORD_42_247,CUST_38191,69451,INR,card,captured,2026-08-13T05:31:55.724742Z,2026-08-13T05:31:55.724742Z
PAY_42_227,ORD_42_248,CUST_6516,173425,INR,card,captured,2026-08-10T05:31:55.724746Z,2026-08-10T05:31:55.724746Z
PAY_42_228,ORD_42_249,CUST_22636,30187,INR,wallet,captured,2026-08-19T05:31:55.724750Z,2026-08-19T05:31:55.724750Z
PAY_42_229,ORD_42_250,CUST_5185,69733,INR,netbanking,captured,2026-08-21T05:31:55.724754Z,2026-08-21T05:31:55.724754Z
PAY_42_230,ORD_42_251,CUST_20785,43595,INR,upi,captured,2026-08-04T05:31:55.724758Z,2026-08-04T05:31:55.724758Z
PAY_42_231,ORD_42_252,CUST_46572,149314,INR,card,captured,2026-08-07T05:31:55.724762Z,2026-08-07T05:31:55.724762Z
PAY_42_232,ORD_42_253,CUST_22746,122966,INR,wallet,captured,2026-08-23T05:31:55.724767Z,2026-08-23T05:31:55.724767Z
PAY_42_233,ORD_42_254,CUST_47387,71467,INR,netbanking,captured,2026-08-03T05:31:55.724771Z,2026-08-03T05:31:55.724771Z
PAY_42_234,ORD_42_255,CUST_3073,21187,INR,card,captured,2026-08-18T05:31:55.724777Z,2026-08-18T05:31:55.724777Z
PAY_42_235,ORD_42_256,CUST_37127,84594,INR,upi,captured,2026-08-24T05:31:55.724781Z,2026-08-24T05:31:55.724781Z
PAY_42_236,ORD_42_259,CUST_18305,70750,INR,card,captured,2026-08-04T05:31:55.724786Z,2026-08-04T05:31:55.724786Z
PAY_42_237,ORD_42_260,CUST_41021,123438,INR,netbanking,captured,2026-08-06T05:31:55.724790Z,2026-08-06T05:31:55.724790Z
PAY_42_238,ORD_42_261,CUST_38126,73017,INR,card,captured,2026-08-25T05:31:55.724794Z,2026-08-25T05:31:55.724794Z
PAY_42_239,ORD_42_262,CUST_19064,166505,INR,netbanking,captured,2026-08-10T05:31:55.724798Z,2026-08-10T05:31:55.724798Z
PAY_42_240,ORD_42_263,CUST_33622,91315,INR,upi,captured,2026-08-07T05:31:55.724802Z,2026-08-07T05:31:55.724802Z
PAY_42_241,ORD_42_264,CUST_9696,27520,INR,wallet,captured,2026-08-15T05:31:55.724807Z,2026-08-15T05:31:55.724807Z
PAY_42_242,ORD_42_265,CUST_28783,181942,INR,card,captured,2026-08-10T05:31:55.724811Z,2026-08-10T05:31:55.724811Z
PAY_42_243,ORD_42_266,CUST_34618,105076,INR,card,captured,2026-08-10T05:31:55.724815Z,2026-08-10T05:31:55.724815Z
PAY_42_244,ORD_42_267,CUST_40673,119329,INR,card,captured,2026-08-01T05:31:55.724819Z,2026-08-01T05:31:55.724819Z
PAY_42_245,ORD_42_269,CUST_1773,134998,INR,card,captured,2026-08-03T05:31:55.724823Z,2026-08-03T05:31:55.724823Z
PAY_42_246,ORD_42_270,CUST_3512,142337,INR,netbanking,captured,2026-08-13T05:31:55.724827Z,2026-08-13T05:31:55.724827Z
PAY_42_247,ORD_42_271,CUST_33957,136005,INR,upi,captured,2026-08-23T05:31:55.724832Z,2026-08-23T05:31:55.724832Z
PAY_42_248,ORD_42_272,CUST_27233,164047,INR,card,captured,2026-08-22T05:31:55.724836Z,2026-08-22T05:31:55.724836Z
PAY_42_249,ORD_42_273,CUST_35090,70107,INR,upi,captured,2026-08-01T05:31:55.724841Z,2026-08-01T05:31:55.724841Z
PAY_42_250,ORD_42_274,CUST_25061,183142,INR,netbanking,captured,2026-08-08T05:31:55.724845Z,2026-08-08T05:31:55.724845Z
PAY_42_251,ORD_42_275,CUST_18094,159712,INR,upi,captured,2026-08-02T05:31:55.724849Z,2026-08-02T05:31:55.724849Z
PAY_42_252,ORD_42_276,CUST_26134,81561,INR,netbanking,captured,2026-08-10T05:31:55.724853Z,2026-08-10T05:31:55.724853Z
PAY_42_253,ORD_42_277,CUST_45862,24534,INR,wallet,captured,2026-08-08T05:31:55.724857Z,2026-08-08T05:31:55.724857Z
PAY_42_254,ORD_42_278,CUST_6350,30893,INR,upi,captured,2026-08-20T05:31:55.724862Z,2026-08-20T05:31:55.724862Z
PAY_42_255,ORD_42_279,CUST_23144,187953,INR,wallet,captured,2026-08-02T05:31:55.724865Z,2026-08-02T05:31:55.724865Z
PAY_42_256,ORD_42_280,CUST_22578,109018,INR,upi,captured,2026-08-14T05:31:55.724869Z,2026-08-14T05:31:55.724869Z
PAY_42_257,ORD_42_281,CUST_36777,119843,INR,card,captured,2026-08-14T05:31:55.724873Z,2026-08-14T05:31:55.724873Z
PAY_42_258,ORD_42_282,CUST_21693,157223,INR,card,captured,2026-08-17T05:31:55.724878Z,2026-08-17T05:31:55.724878Z
PAY_42_259,ORD_42_283,CUST_27869,18400,INR,netbanking,captured,2026-08-18T05:31:55.724882Z,2026-08-18T05:31:55.724882Z
PAY_42_260,ORD_42_284,CUST_21440,133200,INR,card,captured,2026-08-19T05:31:55.724886Z,2026-08-19T05:31:55.724886Z
PAY_42_261,ORD_42_285,CUST_12980,190429,INR,card,captured,2026-08-19T05:31:55.724890Z,2026-08-19T05:31:55.724890Z
PAY_42_262,ORD_42_286,CUST_21985,173099,INR,wallet,captured,2026-08-28T05:31:55.724894Z,2026-08-28T05:31:55.724894Z
PAY_42_263,ORD_42_287,CUST_25142,141285,INR,card,captured,2026-08-07T05:31:55.724899Z,2026-08-07T05:31:55.724899Z
PAY_42_264,ORD_42_288,CUST_7651,142556,INR,card,captured,2026-08-22T05:31:55.724903Z,2026-08-22T05:31:55.724903Z
PAY_42_265,ORD_42_290,CUST_29112,100493,INR,netbanking,captured,2026-08-27T05:31:55.724906Z,2026-08-27T05:31:55.724906Z
PAY_42_266,ORD_42_291,CUST_1495,83508,INR,netbanking,captured,2026-08-15T05:31:55.724912Z,2026-08-15T05:31:55.724912Z
PAY_42_267,ORD_42_292,CUST_16659,100037,INR,card,captured,2026-08-02T05:31:55.724917Z,2026-08-02T05:31:55.724917Z
PAY_42_268,ORD_42_294,CUST_44273,9804,INR,card,captured,2026-07-31T05:31:55.724921Z,2026-07-31T05:31:55.724921Z
PAY_42_269,ORD_42_295,CUST_34040,26409,INR,upi,captured,2026-08-14T05:31:55.724925Z,2026-08-14T05:31:55.724925Z
PAY_42_270,ORD_42_296,CUST_19232,137974,INR,card,captured,2026-08-07T05:31:55.724930Z,2026-08-07T05:31:55.724930Z
PAY_42_271,ORD_42_297,CUST_21083,37889,INR,upi,captured,2026-08-02T05:31:55.724934Z,2026-08-02T05:31:55.724934Z
PAY_42_272,ORD_42_298,CUST_44953,19715,INR,netbanking,captured,2026-08-04T05:31:55.724938Z,2026-08-04T05:31:55.724938Z
PAY_42_273,ORD_42_299,CUST_22259,163483,INR,upi,captured,2026-08-10T05:31:55.724942Z,2026-08-10T05:31:55.724942Z
PAY_42_274,ORD_42_300,CUST_8538,86231,INR,upi,captured,2026-08-01T05:31:55.724946Z,2026-08-01T05:31:55.724946Z
PAY_42_275,ORD_42_301,CUST_20312,83110,INR,upi,captured,2026-08-05T05:31:55.724950Z,2026-08-05T05:31:55.724950Z
PAY_42_276,ORD_42_303,CUST_36816,165555,INR,netbanking,captured,2026-08-21T05:31:55.724954Z,2026-08-21T05:31:55.724954Z
PAY_42_277,ORD_42_304,CUST_24714,195860,INR,netbanking,captured,2026-08-24T05:31:55.724958Z,2026-08-24T05:31:55.724958Z
PAY_42_278,ORD_42_305,CUST_6459,166233,INR,upi,captured,2026-07-30T05:31:55.724962Z,2026-07-30T05:31:55.724962Z
PAY_42_279,ORD_42_306,CUST_7315,43711,INR,card,failed,,2026-08-15T05:31:55.724967Z
PAY_42_280,ORD_42_307,CUST_12217,85132,INR,wallet,captured,2026-08-07T05:31:55.724971Z,2026-08-07T05:31:55.724971Z
PAY_42_281,ORD_42_308,CUST_27125,98362,INR,wallet,captured,2026-08-05T05:31:55.724975Z,2026-08-05T05:31:55.724975Z
PAY_42_282,ORD_42_309,CUST_43277,108116,INR,upi,captured,2026-08-05T05:31:55.724979Z,2026-08-05T05:31:55.724979Z
PAY_42_283,ORD_42_310,CUST_45971,45993,INR,wallet,captured,2026-08-14T05:31:55.724983Z,2026-08-14T05:31:55.724983Z
PAY_42_284,ORD_42_311,CUST_43484,179179,INR,netbanking,captured,2026-08-03T05:31:55.724988Z,2026-08-03T05:31:55.724988Z
PAY_42_285,ORD_42_312,CUST_36767,60966,INR,wallet,captured,2026-08-03T05:31:55.724992Z,2026-08-03T05:31:55.724992Z
PAY_42_286,ORD_42_313,CUST_26757,67032,INR,wallet,captured,2026-08-12T05:31:55.724996Z,2026-08-12T05:31:55.724996Z
PAY_42_287,ORD_42_314,CUST_5048,75500,INR,upi,captured,2026-08-13T05:31:55.725000Z,2026-08-13T05:31:55.725000Z
PAY_42_288,ORD_42_315,CUST_1137,115896,INR,wallet,captured,2026-08-07T05:31:55.725004Z,2026-08-07T05:31:55.725004Z
PAY_42_289,ORD_42_317,CUST_21624,119856,INR,upi,captured,2026-08-28T05:31:55.725008Z,2026-08-28T05:31:55.725008Z
PAY_42_290,ORD_42_318,CUST_35388,126770,INR,card,failed,,2026-08-21T05:31:55.725013Z
PAY_42_291,ORD_42_319,CUST_32465,94198,INR,upi,captured,2026-07-31T05:31:55.725016Z,2026-07-31T05:31:55.725016Z
PAY_42_292,ORD_42_323,CUST_48460,130314,INR,netbanking,captured,2026-08-25T05:31:55.725025Z,2026-08-25T05:31:55.725025Z
PAY_42_293,ORD_42_324,CUST_32493,60424,INR,upi,captured,2026-08-14T05:31:55.725029Z,2026-08-14T05:31:55.725029Z
PAY_42_294,ORD_42_325,CUST_3465,166985,INR,wallet,captured,2026-08-14T05:31:55.725033Z,2026-08-14T05:31:55.725033Z
PAY_42_295,ORD_42_326,CUST_20103,198170,INR,wallet,captured,2026-08-07T05:31:55.725037Z,2026-08-07T05:31:55.725037Z
PAY_42_296,ORD_42_327,CUST_18791,35955,INR,netbanking,captured,2026-07-29T05:31:55.725042Z,2026-07-29T05:31:55.725042Z
PAY_42_297,ORD_42_328,CUST_5774,10434,INR,card,captured,2026-08-26T05:31:55.725048Z,2026-08-26T05:31:55.725048Z
PAY_42_298,ORD_42_329,CUST_30432,152031,INR,card,failed,,2026-08-11T05:31:55.725052Z
PAY_42_299,ORD_42_330,CUST_3083,77461,INR,wallet,captured,2026-07-31T05:31:55.725057Z,2026-07-31T05:31:55.725057Z
PAY_42_300,ORD_42_331,CUST_32395,52737,INR,card,captured,2026-08-07T05:31:55.725062Z,2026-08-07T05:31:55.725062Z
PAY_42_301,ORD_42_332,CUST_17734,96007,INR,netbanking,captured,2026-08-20T05:31:55.725066Z,2026-08-20T05:31:55.725066Z
PAY_42_302,ORD_42_333,CUST_49731,43234,INR,upi,captured,2026-08-19T05:31:55.725070Z,2026-08-19T05:31:55.725070Z
PAY_42_303,ORD_42_334,CUST_41919,77469,INR,wallet,captured,2026-08-18T05:31:55.725074Z,2026-08-18T05:31:55.725074Z
PAY_42_304,ORD_42_335,CUST_9670,30291,INR,netbanking,captured,2026-07-29T05:31:55.725078Z,2026-07-29T05:31:55.725078Z
PAY_42_305,ORD_42_338,CUST_43662,23772,INR,netbanking,captured,2026-08-22T05:31:55.725083Z,2026-08-22T05:31:55.725083Z
PAY_42_306,ORD_42_339,CUST_3340,140759,INR,upi,captured,2026-08-15T05:31:55.725087Z,2026-08-15T05:31:55.725087Z
PAY_42_307,ORD_42_340,CUST_6775,196448,INR,card,captured,2026-07-31T05:31:55.725092Z,2026-07-31T05:31:55.725092Z
PAY_42_308,ORD_42_341,CUST_6044,167491,INR,netbanking,failed,,2026-08-18T05:31:55.725096Z
PAY_42_309,ORD_42_342,CUST_45860,61395,INR,wallet,captured,2026-08-21T05:31:55.725101Z,2026-08-21T05:31:55.725101Z
PAY_42_310,ORD_42_343,CUST_40072,147269,INR,upi,captured,2026-08-09T05:31:55.725106Z,2026-08-09T05:31:55.725106Z
PAY_42_311,ORD_42_344,CUST_30847,169878,INR,netbanking,captured,2026-07-31T05:31:55.725110Z,2026-07-31T05:31:55.725110Z
PAY_42_312,ORD_42_345,CUST_20893,183883,INR,netbanking,failed,,2026-08-14T05:31:55.725115Z
PAY_42_313,ORD_42_347,CUST_1288,129238,INR,card,captured,2026-08-10T05:31:55.725119Z,2026-08-10T05:31:55.725119Z
PAY_42_314,ORD_42_348,CUST_36113,141014,INR,wallet,captured,2026-07-30T05:31:55.725123Z,2026-07-30T05:31:55.725123Z
PAY_42_315,ORD_42_349,CUST_27586,175863,INR,wallet,captured,2026-08-12T05:31:55.725129Z,2026-08-12T05:31:55.725129Z
PAY_42_316,ORD_42_350,CUST_22950,141708,INR,upi,captured,2026-08-03T05:31:55.725134Z,2026-08-03T05:31:55.725134Z
PAY_42_317,ORD_42_351,CUST_47471,40607,INR,card,captured,2026-07-31T05:31:55.725138Z,2026-07-31T05:31:55.725138Z
PAY_42_318,ORD_42_352,CUST_2809,128379,INR,wallet,captured,2026-08-14T05:31:55.725142Z,2026-08-14T05:31:55.725142Z
PAY_42_319,ORD_42_353,CUST_23365,181052,INR,card,captured,2026-08-16T05:31:55.725147Z,2026-08-16T05:31:55.725147Z
PAY_42_320,ORD_42_354,CUST_26971,61995,INR,card,captured,2026-08-02T05:31:55.725151Z,2026-08-02T05:31:55.725151Z
PAY_42_321,ORD_42_355,CUST_11940,96394,INR,netbanking,failed,,2026-08-17T05:31:55.725155Z
PAY_42_322,ORD_42_356,CUST_29468,15972,INR,upi,captured,2026-08-19T05:31:55.725161Z,2026-08-19T05:31:55.725161Z
PAY_42_323,ORD_42_357,CUST_49296,32123,INR,netbanking,captured,2026-08-08T05:31:55.725165Z,2026-08-08T05:31:55.725165Z
PAY_42_324,ORD_42_358,CUST_25529,173840,INR,wallet,captured,2026-08-16T05:31:55.725169Z,2026-08-16T05:31:55.725169Z
PAY_42_325,ORD_42_359,CUST_11421,5698,INR,card,captured,2026-07-31T05:31:55.725173Z,2026-07-31T05:31:55.725173Z
PAY_42_326,ORD_42_360,CUST_3592,33110,INR,netbanking,captured,2026-08-13T05:31:55.725177Z,2026-08-13T05:31:55.725177Z
PAY_42_327,ORD_42_361,CUST_41574,145382,INR,card,captured,2026-08-03T05:31:55.725182Z,2026-08-03T05:31:55.725182Z
PAY_42_328,ORD_42_362,CUST_21580,61179,INR,upi,captured,2026-07-29T05:31:55.725186Z,2026-07-29T05:31:55.725186Z
PAY_42_329,ORD_42_364,CUST_14178,141714,INR,netbanking,captured,2026-08-16T05:31:55.725190Z,2026-08-16T05:31:55.725190Z
PAY_42_330,ORD_42_365,CUST_32433,173392,INR,netbanking,captured,2026-08-04T05:31:55.725196Z,2026-08-04T05:31:55.725196Z
PAY_42_331,ORD_42_366,CUST_21951,94011,INR,wallet,failed,,2026-08-20T05:31:55.725201Z
PAY_42_332,ORD_42_368,CUST_43964,33328,INR,wallet,captured,2026-08-09T05:31:55.725205Z,2026-08-09T05:31:55.725205Z
PAY_42_333,ORD_42_369,CUST_47923,195571,INR,upi,captured,2026-08-01T05:31:55.725210Z,2026-08-01T05:31:55.725210Z
PAY_42_334,ORD_42_370,CUST_5337,95006,INR,upi,captured,2026-08-10T05:31:55.725214Z,2026-08-10T05:31:55.725214Z
PAY_42_335,ORD_42_371,CUST_5515,132178,INR,card,captured,2026-08-17T05:31:55.725219Z,2026-08-17T05:31:55.725219Z
PAY_42_336,ORD_42_372,CUST_34376,190742,INR,netbanking,captured,2026-08-20T05:31:55.725223Z,2026-08-20T05:31:55.725223Z
PAY_42_337,ORD_42_373,CUST_7423,79170,INR,upi,failed,,2026-08-11T05:31:55.725227Z
PAY_42_338,ORD_42_374,CUST_39018,125662,INR,upi,captured,2026-08-10T05:31:55.725230Z,2026-08-10T05:31:55.725230Z
PAY_42_339,ORD_42_375,CUST_12726,28401,INR,card,captured,2026-08-15T05:31:55.725235Z,2026-08-15T05:31:55.725235Z
PAY_42_340,ORD_42_376,CUST_43560,21278,INR,card,captured,2026-08-17T05:31:55.725239Z,2026-08-17T05:31:55.725239Z
PAY_42_341,ORD_42_377,CUST_40894,33180,INR,upi,captured,2026-08-23T05:31:55.725243Z,2026-08-23T05:31:55.725243Z
PAY_42_342,ORD_42_378,CUST_49389,143848,INR,upi,captured,2026-08-04T05:31:55.725247Z,2026-08-04T05:31:55.725247Z
PAY_42_343,ORD_42_379,CUST_25065,139182,INR,netbanking,captured,2026-07-31T05:31:55.725252Z,2026-07-31T05:31:55.725252Z
PAY_42_344,ORD_42_380,CUST_41966,112874,INR,card,captured,2026-08-19T05:31:55.725256Z,2026-08-19T05:31:55.725256Z
PAY_42_345,ORD_42_381,CUST_12458,171729,INR,netbanking,captured,2026-08-10T05:31:55.725260Z,2026-08-10T05:31:55.725260Z
PAY_42_346,ORD_42_382,CUST_32961,56467,INR,card,captured,2026-08-10T05:31:55.725264Z,2026-08-10T05:31:55.725264Z
PAY_42_347,ORD_42_383,CUST_12258,88948,INR,wallet,captured,2026-08-04T05:31:55.725269Z,2026-08-04T05:31:55.725269Z
PAY_42_348,ORD_42_384,CUST_16377,191363,INR,card,captured,2026-08-24T05:31:55.725274Z,2026-08-24T05:31:55.725274Z
PAY_42_349,ORD_42_385,CUST_43965,174454,INR,card,captured,2026-08-14T05:31:55.725280Z,2026-08-14T05:31:55.725280Z
PAY_42_350,ORD_42_386,CUST_24991,124426,INR,card,captured,2026-08-16T05:31:55.725285Z,2026-08-16T05:31:55.725285Z
PAY_42_351,ORD_42_387,CUST_33484,113313,INR,upi,captured,2026-08-21T05:31:55.725314Z,2026-08-21T05:31:55.725314Z
PAY_42_352,ORD_42_388,CUST_35554,34208,INR,netbanking,captured,2026-08-03T05:31:55.725323Z,2026-08-03T05:31:55.725323Z
PAY_42_353,ORD_42_389,CUST_13148,147316,INR,wallet,captured,2026-08-27T05:31:55.725328Z,2026-08-27T05:31:55.725328Z
PAY_42_354,ORD_42_390,CUST_27975,107791,INR,netbanking,captured,2026-08-14T05:31:55.725334Z,2026-08-14T05:31:55.725334Z
PAY_42_355,ORD_42_391,CUST_43746,196782,INR,upi,captured,2026-08-07T05:31:55.725339Z,2026-08-07T05:31:55.725339Z
PAY_42_356,ORD_42_392,CUST_7520,75500,INR,netbanking,captured,2026-08-08T05:31:55.725343Z,2026-08-08T05:31:55.725343Z
PAY_42_357,ORD_42_393,CUST_36807,151597,INR,card,captured,2026-08-27T05:31:55.725349Z,2026-08-27T05:31:55.725349Z
PAY_42_358,ORD_42_394,CUST_10868,126503,INR,netbanking,failed,,2026-07-31T05:31:55.725353Z
PAY_42_359,ORD_42_395,CUST_42246,145921,INR,netbanking,failed,,2026-08-06T05:31:55.725358Z
PAY_42_360,ORD_42_396,CUST_6441,150596,INR,card,captured,2026-08-12T05:31:55.725362Z,2026-08-12T05:31:55.725362Z
PAY_42_361,ORD_42_398,CUST_6009,177041,INR,netbanking,captured,2026-08-23T05:31:55.725366Z,2026-08-23T05:31:55.725366Z
PAY_42_362,ORD_42_399,CUST_25530,172546,INR,wallet,captured,2026-08-05T05:31:55.725371Z,2026-08-05T05:31:55.725371Z
PAY_42_363,ORD_42_400,CUST_7896,47394,INR,upi,captured,2026-08-05T05:31:55.725376Z,2026-08-05T05:31:55.725376Z
PAY_42_364,ORD_42_401,CUST_19755,89182,INR,wallet,captured,2026-08-22T05:31:55.725381Z,2026-08-22T05:31:55.725381Z
PAY_42_365,ORD_42_402,CUST_47391,37652,INR,netbanking,captured,2026-08-12T05:31:55.725404Z,2026-08-12T05:31:55.725404Z
PAY_42_366,ORD_42_403,CUST_41899,37291,INR,netbanking,captured,2026-08-06T05:31:55.725411Z,2026-08-06T05:31:55.725411Z
PAY_42_367,ORD_42_404,CUST_24695,195688,INR,netbanking,captured,2026-08-12T05:31:55.725416Z,2026-08-12T05:31:55.725416Z
PAY_42_368,ORD_42_405,CUST_21977,119020,INR,upi,captured,2026-08-01T05:31:55.725420Z,2026-08-01T05:31:55.725420Z
PAY_42_369,ORD_42_406,CUST_43826,189262,INR,card,captured,2026-08-28T05:31:55.725424Z,2026-08-28T05:31:55.725424Z
PAY_42_370,ORD_42_407,CUST_44401,22370,INR,wallet,failed,,2026-08-23T05:31:55.725429Z
PAY_42_371,ORD_42_408,CUST_48862,197870,INR,wallet,captured,2026-08-16T05:31:55.725433Z,2026-08-16T05:31:55.725433Z
PAY_42_372,ORD_42_409,CUST_46359,71430,INR,netbanking,captured,2026-08-18T05:31:55.725630Z,2026-08-18T05:31:55.725630Z
PAY_42_373,ORD_42_410,CUST_20616,159241,INR,wallet,captured,2026-08-12T05:31:55.725652Z,2026-08-12T05:31:55.725652Z
PAY_42_374,ORD_42_411,CUST_36119,198003,INR,wallet,captured,2026-08-15T05:31:55.725657Z,2026-08-15T05:31:55.725657Z
PAY_42_375,ORD_42_412,CUST_38379,29169,INR,upi,captured,2026-08-25T05:31:55.725661Z,2026-08-25T05:31:55.725661Z
PAY_42_376,ORD_42_413,CUST_16604,127667,INR,wallet,captured,2026-07-29T05:31:55.725666Z,2026-07-29T05:31:55.725666Z
PAY_42_377,ORD_42_414,CUST_30660,57907,INR,upi,captured,2026-07-31T05:31:55.725671Z,2026-07-31T05:31:55.725671Z
PAY_42_378,ORD_42_415,CUST_26016,2115,INR,upi,failed,,2026-08-25T05:31:55.725675Z
PAY_42_379,ORD_42_416,CUST_20421,36075,INR,netbanking,captured,2026-07-29T05:31:55.725680Z,2026-07-29T05:31:55.725680Z
PAY_42_380,ORD_42_418,CUST_10484,46157,INR,card,captured,2026-08-09T05:31:55.725684Z,2026-08-09T05:31:55.725684Z
PAY_42_381,ORD_42_419,CUST_30790,60422,INR,card,captured,2026-08-22T05:31:55.725689Z,2026-08-22T05:31:55.725689Z
PAY_42_382,ORD_42_420,CUST_23908,92942,INR,netbanking,captured,2026-08-10T05:31:55.725693Z,2026-08-10T05:31:55.725693Z
PAY_42_383,ORD_42_422,CUST_27468,82166,INR,netbanking,captured,2026-08-18T05:31:55.725697Z,2026-08-18T05:31:55.725697Z
PAY_42_384,ORD_42_423,CUST_18968,186090,INR,card,captured,2026-08-05T05:31:55.725702Z,2026-08-05T05:31:55.725702Z
PAY_42_385,ORD_42_425,CUST_19670,162137,INR,wallet,captured,2026-08-20T05:31:55.725706Z,2026-08-20T05:31:55.725706Z
PAY_42_386,ORD_42_426,CUST_8768,94957,INR,wallet,captured,2026-08-16T05:31:55.725710Z,2026-08-16T05:31:55.725710Z
PAY_42_387,ORD_42_427,CUST_5971,114309,INR,wallet,failed,,2026-08-16T05:31:55.725714Z
PAY_42_388,ORD_42_428,CUST_17817,103847,INR,wallet,captured,2026-08-23T05:31:55.725719Z,2026-08-23T05:31:55.725719Z
PAY_42_389,ORD_42_429,CUST_13226,58183,INR,netbanking,captured,2026-08-19T05:31:55.725723Z,2026-08-19T05:31:55.725723Z
PAY_42_390,ORD_42_430,CUST_9713,133920,INR,netbanking,captured,2026-08-11T05:31:55.725727Z,2026-08-11T05:31:55.725727Z
PAY_42_391,ORD_42_431,CUST_23190,50930,INR,wallet,captured,2026-08-01T05:31:55.725732Z,2026-08-01T05:31:55.725732Z
PAY_42_392,ORD_42_433,CUST_35981,38816,INR,wallet,captured,2026-08-10T05:31:55.725736Z,2026-08-10T05:31:55.725736Z
PAY_42_393,ORD_42_434,CUST_26025,51813,INR,netbanking,captured,2026-08-25T05:31:55.725740Z,2026-08-25T05:31:55.725740Z
PAY_42_394,ORD_42_435,CUST_34265,199107,INR,wallet,captured,2026-08-01T05:31:55.725744Z,2026-08-01T05:31:55.725744Z
PAY_42_395,ORD_42_436,CUST_35989,164713,INR,upi,captured,2026-08-21T05:31:55.725748Z,2026-08-21T05:31:55.725748Z
PAY_42_396,ORD_42_437,CUST_18104,199297,INR,card,captured,2026-08-23T05:31:55.725753Z,2026-08-23T05:31:55.725753Z
PAY_42_397,ORD_42_438,CUST_30752,148078,INR,netbanking,captured,2026-08-16T05:31:55.725757Z,2026-08-16T05:31:55.725757Z
PAY_42_398,ORD_42_439,CUST_23461,164521,INR,wallet,captured,2026-08-18T05:31:55.725761Z,2026-08-18T05:31:55.725761Z
PAY_42_399,ORD_42_440,CUST_49882,123024,INR,upi,failed,,2026-08-06T05:31:55.725766Z
PAY_42_400,ORD_42_441,CUST_12801,72104,INR,upi,captured,2026-08-19T05:31:55.725769Z,2026-08-19T05:31:55.725769Z
PAY_42_401,ORD_42_442,CUST_36206,19548,INR,card,failed,,2026-08-04T05:31:55.725774Z
PAY_42_402,ORD_42_443,CUST_8054,15013,INR,card,captured,2026-08-25T05:31:55.725783Z,2026-08-25T05:31:55.725783Z
PAY_42_403,ORD_42_444,CUST_13310,169095,INR,upi,captured,2026-08-10T05:31:55.725787Z,2026-08-10T05:31:55.725787Z
PAY_42_404,ORD_42_445,CUST_31642,155834,INR,netbanking,captured,2026-08-13T05:31:55.725791Z,2026-08-13T05:31:55.725791Z
PAY_42_405,ORD_42_447,CUST_32317,10853,INR,wallet,captured,2026-08-01T05:31:55.725796Z,2026-08-01T05:31:55.725796Z
PAY_42_406,ORD_42_448,CUST_6449,49445,INR,card,captured,2026-08-12T05:31:55.725800Z,2026-08-12T05:31:55.725800Z
PAY_42_407,ORD_42_451,CUST_12596,169478,INR,wallet,captured,2026-08-07T05:31:55.725804Z,2026-08-07T05:31:55.725804Z
PAY_42_408,ORD_42_453,CUST_4607,159956,INR,card,failed,,2026-08-19T05:31:55.725808Z
PAY_42_409,ORD_42_454,CUST_5758,74258,INR,card,captured,2026-08-26T05:31:55.725812Z,2026-08-26T05:31:55.725812Z
PAY_42_410,ORD_42_455,CUST_16544,156832,INR,wallet,captured,2026-08-02T05:31:55.725816Z,2026-08-02T05:31:55.725816Z
PAY_42_411,ORD_42_456,CUST_37911,87826,INR,wallet,captured,2026-07-30T05:31:55.725820Z,2026-07-30T05:31:55.725820Z
PAY_42_412,ORD_42_457,CUST_1190,177933,INR,card,captured,2026-08-01T05:31:55.725824Z,2026-08-01T05:31:55.725824Z
PAY_42_413,ORD_42_459,CUST_35684,39519,INR,upi,failed,,2026-07-31T05:31:55.725828Z
PAY_42_414,ORD_42_460,CUST_18281,37174,INR,card,failed,,2026-08-18T05:31:55.725831Z
PAY_42_415,ORD_42_461,CUST_48960,172080,INR,wallet,captured,2026-08-18T05:31:55.725835Z,2026-08-18T05:31:55.725835Z
PAY_42_416,ORD_42_462,CUST_10928,156086,INR,wallet,captured,2026-08-19T05:31:55.725839Z,2026-08-19T05:31:55.725839Z
PAY_42_417,ORD_42_463,CUST_47637,146618,INR,upi,captured,2026-07-29T05:31:55.725843Z,2026-07-29T05:31:55.725843Z
PAY_42_418,ORD_42_464,CUST_148,33600,INR,wallet,captured,2026-08-06T05:31:55.725848Z,2026-08-06T05:31:55.725848Z
PAY_42_419,ORD_42_465,CUST_29448,138090,INR,upi,captured,2026-08-03T05:31:55.725852Z,2026-08-03T05:31:55.725852Z
PAY_42_420,ORD_42_466,CUST_22563,133397,INR,netbanking,captured,2026-08-27T05:31:55.725856Z,2026-08-27T05:31:55.725856Z
PAY_42_421,ORD_42_468,CUST_35121,127573,INR,card,captured,2026-07-29T05:31:55.725860Z,2026-07-29T05:31:55.725860Z
PAY_42_422,ORD_42_469,CUST_45801,20328,INR,card,captured,2026-08-16T05:31:55.725864Z,2026-08-16T05:31:55.725864Z
PAY_42_423,ORD_42_470,CUST_18002,141597,INR,upi,captured,2026-08-01T05:31:55.725868Z,2026-08-01T05:31:55.725868Z
PAY_42_424,ORD_42_471,CUST_18938,173620,INR,wallet,captured,2026-08-26T05:31:55.725873Z,2026-08-26T05:31:55.725873Z
PAY_42_425,ORD_42_472,CUST_20219,156664,INR,netbanking,captured,2026-07-31T05:31:55.725878Z,2026-07-31T05:31:55.725878Z
PAY_42_426,ORD_42_473,CUST_29353,181725,INR,wallet,captured,2026-07-31T05:31:55.725882Z,2026-07-31T05:31:55.725882Z
PAY_42_427,ORD_42_475,CUST_24091,188735,INR,netbanking,captured,2026-08-06T05:31:55.725887Z,2026-08-06T05:31:55.725887Z
PAY_42_428,ORD_42_476,CUST_4479,74792,INR,card,captured,2026-08-27T05:31:55.725891Z,2026-08-27T05:31:55.725891Z
PAY_42_429,ORD_42_477,CUST_23941,140087,INR,wallet,captured,2026-08-23T05:31:55.725895Z,2026-08-23T05:31:55.725895Z
PAY_42_430,ORD_42_478,CUST_36901,50960,INR,card,captured,2026-07-30T05:31:55.725903Z,2026-07-30T05:31:55.725903Z
PAY_42_431,ORD_42_479,CUST_24793,121126,INR,netbanking,failed,,2026-08-21T05:31:55.725907Z
PAY_42_432,ORD_42_480,CUST_1190,138370,INR,wallet,captured,2026-08-26T05:31:55.725911Z,2026-08-26T05:31:55.725911Z
PAY_42_433,ORD_42_481,CUST_41664,52449,INR,netbanking,captured,2026-08-11T05:31:55.725915Z,2026-08-11T05:31:55.725915Z
PAY_42_434,ORD_42_482,CUST_26306,65636,INR,upi,captured,2026-08-05T05:31:55.725919Z,2026-08-05T05:31:55.725919Z
PAY_42_435,ORD_42_483,CUST_40587,97411,INR,upi,captured,2026-08-20T05:31:55.725924Z,2026-08-20T05:31:55.725924Z
PAY_42_436,ORD_42_484,CUST_21696,135342,INR,netbanking,captured,2026-07-30T05:31:55.725928Z,2026-07-30T05:31:55.725928Z
PAY_42_437,ORD_42_485,CUST_10495,42124,INR,card,captured,2026-08-24T05:31:55.725932Z,2026-08-24T05:31:55.725932Z
PAY_42_438,ORD_42_486,CUST_41440,114780,INR,wallet,captured,2026-08-18T05:31:55.725949Z,2026-08-18T05:31:55.725949Z
PAY_42_439,ORD_42_487,CUST_45389,118360,INR,card,captured,2026-08-28T05:31:55.725954Z,2026-08-28T05:31:55.725954Z
PAY_42_440,ORD_42_488,CUST_8514,14060,INR,card,captured,2026-08-02T05:31:55.725959Z,2026-08-02T05:31:55.725959Z
PAY_42_441,ORD_42_490,CUST_16279,7489,INR,netbanking,captured,2026-08-05T05:31:55.725963Z,2026-08-05T05:31:55.725963Z
PAY_42_442,ORD_42_491,CUST_43137,187455,INR,card,captured,2026-08-18T05:31:55.725967Z,2026-08-18T05:31:55.725967Z
PAY_42_443,ORD_42_492,CUST_22990,10140,INR,netbanking,captured,2026-08-07T05:31:55.725971Z,2026-08-07T05:31:55.725971Z
PAY_42_444,ORD_42_493,CUST_10894,36483,INR,netbanking,captured,2026-08-24T05:31:55.725976Z,2026-08-24T05:31:55.725976Z
PAY_42_445,ORD_42_495,CUST_27996,67188,INR,netbanking,failed,,2026-08-12T05:31:55.725980Z
PAY_42_446,ORD_42_496,CUST_6539,190740,INR,card,captured,2026-08-12T05:31:55.725985Z,2026-08-12T05:31:55.725985Z
PAY_42_447,ORD_42_497,CUST_30166,75624,INR,wallet,captured,2026-08-10T05:31:55.725989Z,2026-08-10T05:31:55.725989Z
PAY_42_448,ORD_42_498,CUST_26103,62605,INR,upi,captured,2026-07-30T05:31:55.725993Z,2026-07-30T05:31:55.725993Z
PAY_42_449,ORD_42_499,CUST_21625,16564,INR,wallet,captured,2026-08-11T05:31:55.725998Z,2026-08-11T05:31:55.725998Z
