settlement_id,payment_id,order_id,settlement_date,gross_amount,fee,tax,adjustment,net_amount,status
SET_42_1,PAY_42_1,ORD_42_1,2026-08-26T05:31:55.728051Z,6656,133,23,0,6499,settled
SET_42_1,PAY_42_2,ORD_42_2,2026-08-26T05:31:55.728051Z,36679,733,132,0,35813,settled
SET_42_1,PAY_42_3,ORD_42_3,2026-08-26T05:31:55.728051Z,143064,2861,515,0,139687,settled
SET_42_1,PAY_42_4,ORD_42_4,2026-08-26T05:31:55.728051Z,7911,158,28,0,7724,settled
SET_42_1,PAY_42_5,ORD_42_6,2026-08-26T05:31:55.728051Z,170463,3409,613,0,166440,settled
SET_42_1,PAY_42_6,ORD_42_7,2026-08-26T05:31:55.728051Z,117857,2357,424,0,115075,settled
SET_42_1,PAY_42_7,ORD_42_8,2026-08-26T05:31:55.728051Z,41953,839,151,0,40962,settled
SET_42_1,PAY_42_9,ORD_42_10,2026-08-26T05:31:55.728051Z,24412,488,87,0,23836,settled
SET_42_1,PAY_42_11,ORD_42_12,2026-08-26T05:31:55.728051Z,120535,2410,433,0,117691,settled
SET_42_1,PAY_42_12,ORD_42_13,2026-08-26T05:31:55.728051Z,144814,2896,521,0,141396,settled
SET_42_1,PAY_42_13,ORD_42_14,2026-08-26T05:31:55.728051Z,94900,1898,341,0,92661,settled
SET_42_1,PAY_42_14,ORD_42_15,2026-08-26T05:31:55.728051Z,12112,242,43,0,11826,settled
SET_42_1,PAY_42_15,ORD_42_16,2026-08-26T05:31:55.728051Z,61124,1222,220,0,59681,settled
SET_42_1,PAY_42_16,ORD_42_17,2026-08-26T05:31:55.728051Z,118958,2379,428,0,116150,settled
SET_42_1,PAY_42_17,ORD_42_18,2026-08-26T05:31:55.728051Z,97140,1942,349,0,94848,settled
SET_42_1,PAY_42_18,ORD_42_19,2026-08-26T05:31:55.728051Z,184077,3681,662,0,179733,settled
SET_42_1,PAY_42_20,ORD_42_21,2026-08-26T05:31:55.728051Z,64275,1285,231,0,62758,settled
SET_42_1,PAY_42_21,ORD_42_22,2026-08-26T05:31:55.728051Z,167872,3357,604,0,163910,settled
SET_42_1,PAY_42_22,ORD_42_23,2026-08-26T05:31:55.728051Z,85108,1702,306,0,83099,settled
SET_42_1,PAY_42_23,ORD_42_24,2026-08-26T05:31:55.728051Z,8514,170,30,0,8313,settled
SET_42_2,PAY_42_25,ORD_42_26,2026-08-25T05:31:55.728132Z,188296,3765,677,0,183853,settled
SET_42_2,PAY_42_26,ORD_42_27,2026-08-25T05:31:55.728132Z,103812,2076,373,0,101362,settled
SET_42_2,PAY_42_27,ORD_42_28,2026-08-25T05:31:55.728132Z,37552,751,135,0,36665,settled
SET_42_2,PAY_42_28,ORD_42_29,2026-08-25T05:31:55.728132Z,147259,2945,530,0,143783,settled
SET_42_2,PAY_42_29,ORD_42_30,2026-08-25T05:31:55.728132Z,112411,2248,404,0,109758,settled
SET_42_2,PAY_42_30,ORD_42_32,2026-08-25T05:31:55.728132Z,129472,2589,466,0,126416,settled
SET_42_2,PAY_42_31,ORD_42_33,2026-08-25T05:31:55.728132Z,28843,576,103,0,28163,settled
SET_42_2,PAY_42_32,ORD_42_34,2026-08-25T05:31:55.728132Z,178484,3569,642,0,174272,settled
SET_42_2,PAY_42_33,ORD_42_35,2026-08-25T05:31:55.728132Z,100139,2002,360,0,97776,settled
SET_42_2,PAY_42_34,ORD_42_37,2026-08-25T05:31:55.728132Z,189032,3780,680,0,184571,settled
SET_42_2,PAY_42_35,ORD_42_38,2026-08-25T05:31:55.728132Z,70046,1400,252,0,68393,settled
SET_42_2,PAY_42_36,ORD_42_39,2026-08-25T05:31:55.728132Z,77039,1540,277,0,75221,settled
SET_42_2,PAY_42_37,ORD_42_40,2026-08-25T05:31:55.728132Z,189392,3787,681,0,184923,settled
SET_42_2,PAY_42_38,ORD_42_41,2026-08-25T05:31:55.728132Z,199843,3996,719,0,195127,settled
SET_42_2,PAY_42_39,ORD_42_42,2026-08-25T05:31:55.728132Z,164018,3280,590,0,160147,settled
SET_42_2,PAY_42_40,ORD_42_43,2026-08-25T05:31:55.728132Z,159737,3194,575,0,155967,settled
SET_42_2,PAY_42_41,ORD_42_44,2026-08-25T05:31:55.728132Z,42449,848,152,0,41448,settled
SET_42_2,PAY_42_42,ORD_42_45,2026-08-25T05:31:55.728132Z,249,4,0,0,244,settled
SET_42_2,PAY_42_43,ORD_42_46,2026-08-25T05:31:55.728132Z,29425,588,105,0,28731,settled
SET_42_2,PAY_42_44,ORD_42_47,2026-08-25T05:31:55.728132Z,15284,305,55,0,14923,settled
SET_42_3,PAY_42_45,ORD_42_48,2026-08-25T05:31:55.728187Z,20745,414,74,0,20256,settled
SET_42_3,PAY_42_46,ORD_42_50,2026-08-25T05:31:55.728187Z,33067,661,119,0,32286,settled
SET_42_3,PAY_42_47,ORD_42_51,2026-08-25T05:31:55.728187Z,144227,2884,519,0,140823,settled
SET_42_3,PAY_42_48,ORD_42_52,2026-08-25T05:31:55.728187Z,159114,3182,572,0,155359,settled
SET_42_3,PAY_42_49,ORD_42_53,2026-08-25T05:31:55.728187Z,141473,2829,509,0,138134,settled
SET_42_3,PAY_42_50,ORD_42_54,2026-08-25T05:31:55.728187Z,186995,3739,673,0,182582,settled
SET_42_3,PAY_42_51,ORD_42_55,2026-08-25T05:31:55.728187Z,97989,1959,352,0,95677,settled
SET_42_3,PAY_42_52,ORD_42_56,2026-08-25T05:31:55.728187Z,31820,636,114,0,31069,settled
SET_42_3,PAY_42_53,ORD_42_57,2026-08-25T05:31:55.728187Z,5614,112,20,0,5481,settled
SET_42_3,PAY_42_54,ORD_42_59,2026-08-25T05:31:55.728187Z,15533,310,55,0,15167,settled
SET_42_3,PAY_42_55,ORD_42_60,2026-08-25T05:31:55.728187Z,86719,1734,312,0,84672,settled
SET_42_3,PAY_42_57,ORD_42_62,2026-08-25T05:31:55.728187Z,189722,3794,682,0,185245,settled
SET_42_3,PAY_42_58,ORD_42_63,2026-08-25T05:31:55.728187Z,124007,2480,446,0,121080,settled
SET_42_3,PAY_42_59,ORD_42_64,2026-08-25T05:31:55.728187Z,106808,2136,384,0,104287,settled
SET_42_3,PAY_42_60,ORD_42_65,2026-08-25T05:31:55.728187Z,113097,2261,407,0,110428,settled
SET_42_3,PAY_42_61,ORD_42_66,2026-08-25T05:31:55.728187Z,191222,3824,688,0,186709,settled
SET_42_3,PAY_42_62,ORD_42_67,2026-08-25T05:31:55.728187Z,25899,517,93,0,25288,settled
SET_42_3,PAY_42_63,ORD_42_68,2026-08-25T05:31:55.728187Z,28744,574,103,0,28066,settled
SET_42_3,PAY_42_64,ORD_42_69,2026-08-25T05:31:55.728187Z,117701,2354,423,0,114923,settled
SET_42_3,PAY_42_65,ORD_42_70,2026-08-25T05:31:55.728187Z,121375,2427,436,0,118511,settled
SET_42_4,PAY_42_66,ORD_42_71,2026-08-26T05:31:55.728228Z,144364,2887,519,0,140957,settled
SET_42_4,PAY_42_68,ORD_42_74,2026-08-26T05:31:55.728228Z,56132,1122,202,0,54807,settled
SET_42_4,PAY_42_69,ORD_42_76,2026-08-26T05:31:55.728228Z,119377,2387,429,0,116560,settled
SET_42_4,PAY_42_70,ORD_42_78,2026-08-26T05:31:55.728228Z,188426,3768,678,0,183979,settled
SET_42_4,PAY_42_71,ORD_42_80,2026-08-26T05:31:55.728228Z,142233,2844,512,0,138876,settled
SET_42_4,PAY_42_72,ORD_42_81,2026-08-26T05:31:55.728228Z,13244,264,47,0,12932,settled
SET_42_4,PAY_42_73,ORD_42_82,2026-08-26T05:31:55.728228Z,139331,2786,501,0,136043,settled
SET_42_4,PAY_42_74,ORD_42_83,2026-08-26T05:31:55.728228Z,48812,976,175,0,47660,settled
SET_42_4,PAY_42_75,ORD_42_84,2026-08-26T05:31:55.728228Z,61757,1235,222,0,60299,settled
SET_42_4,PAY_42_76,ORD_42_85,2026-08-26T05:31:55.728228Z,151860,3037,546,0,148276,settled
SET_42_4,PAY_42_77,ORD_42_86,2026-08-26T05:31:55.728228Z,109997,2199,395,0,107402,settled
SET_42_4,PAY_42_78,ORD_42_87,2026-08-26T05:31:55.728228Z,83034,1660,298,0,81075,settled
SET_42_4,PAY_42_79,ORD_42_88,2026-08-26T05:31:55.728228Z,187845,3756,676,0,183412,settled
SET_42_4,PAY_42_80,ORD_42_89,2026-08-26T05:31:55.728228Z,34408,688,123,0,33596,settled
SET_42_4,PAY_42_81,ORD_42_90,2026-08-26T05:31:55.728228Z,82983,1659,298,0,81025,settled
SET_42_4,PAY_42_82,ORD_42_91,2026-08-26T05:31:55.728228Z,120236,2404,432,0,117399,settled
SET_42_4,PAY_42_83,ORD_42_92,2026-08-26T05:31:55.728228Z,19304,386,69,0,18848,settled
SET_42_4,PAY_42_84,ORD_42_93,2026-08-26T05:31:55.728228Z,34822,696,125,0,34000,settled
SET_42_4,PAY_42_85,ORD_42_94,2026-08-26T05:31:55.728228Z,64137,1282,230,0,62624,settled
SET_42_4,PAY_42_86,ORD_42_95,2026-08-26T05:31:55.728228Z,142501,2850,513,0,139137,settled
SET_42_5,PAY_42_87,ORD_42_96,2026-08-28T05:31:55.728271Z,171535,3430,617,0,167487,settled
SET_42_5,PAY_42_88,ORD_42_97,2026-08-28T05:31:55.728271Z,145485,2909,523,0,142052,settled
SET_42_5,PAY_42_89,ORD_42_98,2026-08-28T05:31:55.728271Z,35303,706,127,0,34469,settled
SET_42_5,PAY_42_90,ORD_42_99,2026-08-28T05:31:55.728271Z,145124,2902,522,0,141699,settled
SET_42_5,PAY_42_91,ORD_42_100,2026-08-28T05:31:55.728271Z,55315,1106,199,0,54009,settled
SET_42_5,PAY_42_92,ORD_42_101,2026-08-28T05:31:55.728271Z,166361,3327,598,0,162435,settled
SET_42_5,PAY_42_93,ORD_42_102,2026-08-28T05:31:55.728271Z,65929,1318,237,0,64373,settled
SET_42_5,PAY_42_94,ORD_42_103,2026-08-28T05:31:55.728271Z,166373,3327,598,0,162447,settled
SET_42_5,PAY_42_95,ORD_42_104,2026-08-28T05:31:55.728271Z,1029,20,3,0,1005,settled
SET_42_5,PAY_42_96,ORD_42_105,2026-08-28T05:31:55.728271Z,68770,1375,247,0,67147,settled
SET_42_5,PAY_42_97,ORD_42_106,2026-08-28T05:31:55.728271Z,185086,3701,666,0,180718,settled
SET_42_5,PAY_42_98,ORD_42_107,2026-08-28T05:31:55.728271Z,19824,396,71,0,19356,settled
SET_42_5,PAY_42_99,ORD_42_108,2026-08-28T05:31:55.728271Z,39173,783,141,0,38248,settled
SET_42_5,PAY_42_100,ORD_42_109,2026-08-28T05:31:55.728271Z,144941,2898,521,0,141521,settled
SET_42_5,PAY_42_101,ORD_42_110,2026-08-28T05:31:55.728271Z,80908,1618,291,0,78998,settled
SET_42_5,PAY_42_102,ORD_42_111,2026-08-28T05:31:55.728271Z,93897,1877,338,0,91681,settled
SET_42_5,PAY_42_103,ORD_42_112,2026-08-28T05:31:55.728271Z,27046,540,97,0,26408,settled
SET_42_5,PAY_42_104,ORD_42_114,2026-08-28T05:31:55.728271Z,62159,1243,223,0,60692,settled
SET_42_5,PAY_42_105,ORD_42_116,2026-08-28T05:31:55.728271Z,87180,1743,313,0,85123,settled
SET_42_5,PAY_42_106,ORD_42_117,2026-08-28T05:31:55.728271Z,175712,3514,632,0,171565,settled
SET_42_6,PAY_42_107,ORD_42_118,2026-08-26T05:31:55.728311Z,41832,836,150,0,40845,settled
SET_42_6,PAY_42_108,ORD_42_119,2026-08-26T05:31:55.728311Z,10251,205,36,0,10009,settled
SET_42_6,PAY_42_110,ORD_42_121,2026-08-26T05:31:55.728311Z,6303,126,22,0,6154,settled
SET_42_6,PAY_42_111,ORD_42_122,2026-08-26T05:31:55.728311Z,73134,1462,263,0,71408,settled
SET_42_6,PAY_42_112,ORD_42_123,2026-08-26T05:31:55.728311Z,168260,3365,605,0,164289,settled
SET_42_6,PAY_42_115,ORD_42_126,2026-08-26T05:31:55.728311Z,28517,570,102,0,27844,settled
SET_42_6,PAY_42_116,ORD_42_127,2026-08-26T05:31:55.728311Z,82328,1646,296,0,80385,settled
SET_42_6,PAY_42_117,ORD_42_128,2026-08-26T05:31:55.728311Z,101076,2021,363,0,98691,settled
SET_42_6,PAY_42_118,ORD_42_129,2026-08-26T05:31:55.728311Z,11735,234,42,0,11458,settled
SET_42_6,PAY_42_119,ORD_42_130,2026-08-26T05:31:55.728311Z,141251,2825,508,0,137917,settled
SET_42_6,PAY_42_120,ORD_42_131,2026-08-26T05:31:55.728311Z,175901,3518,633,0,171749,settled
SET_42_6,PAY_42_121,ORD_42_132,2026-08-26T05:31:55.728311Z,174225,3484,627,0,170113,settled
SET_42_6,PAY_42_122,ORD_42_133,2026-08-26T05:31:55.728311Z,174003,3480,626,0,169896,settled
SET_42_6,PAY_42_123,ORD_42_134,2026-08-26T05:31:55.728311Z,78827,1576,283,0,76967,settled
SET_42_6,PAY_42_124,ORD_42_135,2026-08-26T05:31:55.728311Z,85606,1712,308,0,83585,settled
SET_42_6,PAY_42_125,ORD_42_136,2026-08-26T05:31:55.728311Z,33467,669,120,0,32677,settled
SET_42_6,PAY_42_127,ORD_42_138,2026-08-26T05:31:55.728311Z,149287,2985,537,0,145764,settled
SET_42_6,PAY_42_128,ORD_42_139,2026-08-26T05:31:55.728311Z,206,4,0,0,201,settled
SET_42_6,PAY_42_129,ORD_42_140,2026-08-26T05:31:55.728311Z,152139,3042,547,0,148549,settled
SET_42_6,PAY_42_130,ORD_42_141,2026-08-26T05:31:55.728311Z,115911,2318,417,0,113175,settled
SET_42_7,PAY_42_131,ORD_42_142,2026-08-26T05:31:55.728364Z,124142,2482,446,0,121213,settled
SET_42_7,PAY_42_132,ORD_42_143,2026-08-26T05:31:55.728364Z,172813,3456,622,0,168734,settled
SET_42_7,PAY_42_133,ORD_42_144,2026-08-26T05:31:55.728364Z,166021,3320,597,0,162103,settled
SET_42_7,PAY_42_134,ORD_42_145,2026-08-26T05:31:55.728364Z,197006,3940,709,0,192356,settled
SET_42_7,PAY_42_135,ORD_42_146,2026-08-26T05:31:55.728364Z,52300,1046,188,0,51066,settled
SET_42_7,PAY_42_136,ORD_42_147,2026-08-26T05:31:55.728364Z,124654,2493,448,0,121712,settled
SET_42_7,PAY_42_137,ORD_42_148,2026-08-26T05:31:55.728364Z,108743,2174,391,0,106177,settled
SET_42_7,PAY_42_138,ORD_42_149,2026-08-26T05:31:55.728364Z,188410,3768,678,0,183963,settled
SET_42_7,PAY_42_139,ORD_42_150,2026-08-26T05:31:55.728364Z,64059,1281,230,0,62547,settled
SET_42_7,PAY_42_140,ORD_42_151,2026-08-26T05:31:55.728364Z,196960,3939,709,0,192311,settled
SET_42_7,PAY_42_141,ORD_42_152,2026-08-26T05:31:55.728364Z,111549,2230,401,0,108917,settled
SET_42_7,PAY_42_142,ORD_42_153,2026-08-26T05:31:55.728364Z,121878,2437,438,0,119002,settled
SET_42_7,PAY_42_143,ORD_42_154,2026-08-26T05:31:55.728364Z,31913,638,114,0,31160,settled
SET_42_7,PAY_42_144,ORD_42_156,2026-08-26T05:31:55.728364Z,198084,3961,713,0,193409,settled
SET_42_7,PAY_42_145,ORD_42_157,2026-08-26T05:31:55.728364Z,188653,3773,679,0,184200,settled
SET_42_7,PAY_42_146,ORD_42_158,2026-08-26T05:31:55.728364Z,143721,2874,517,0,140329,settled
SET_42_7,PAY_42_148,ORD_42_160,2026-08-26T05:31:55.728364Z,167259,3345,602,0,163311,settled
SET_42_7,PAY_42_149,ORD_42_161,2026-08-26T05:31:55.728364Z,164398,3287,591,0,160519,settled
SET_42_7,PAY_42_150,ORD_42_162,2026-08-26T05:31:55.728364Z,187151,3743,673,0,182734,settled
SET_42_7,PAY_42_151,ORD_42_163,2026-08-26T05:31:55.728364Z,83909,1678,302,0,81928,settled
SET_42_8,PAY_42_152,ORD_42_164,2026-08-28T05:31:55.728420Z,39639,792,142,0,38704,settled
SET_42_8,PAY_42_153,ORD_42_165,2026-08-28T05:31:55.728420Z,185283,3705,667,0,180910,settled
SET_42_8,PAY_42_154,ORD_42_166,2026-08-28T05:31:55.728420Z,86838,1736,312,0,84789,settled
SET_42_8,PAY_42_155,ORD_42_167,2026-08-28T05:31:55.728420Z,54320,1086,195,0,53038,settled
SET_42_8,PAY_42_156,ORD_42_168,2026-08-28T05:31:55.728420Z,153212,3064,551,0,149596,settled
SET_42_8,PAY_42_157,ORD_42_169,2026-08-28T05:31:55.728420Z,151013,3020,543,0,147449,settled
SET_42_8,PAY_42_159,ORD_42_171,2026-08-28T05:31:55.728420Z,109943,2198,395,0,107349,settled
SET_42_8,PAY_42_160,ORD_42_172,2026-08-28T05:31:55.728420Z,158239,3164,569,0,154505,settled
SET_42_8,PAY_42_162,ORD_42_174,2026-08-28T05:31:55.728420Z,88214,1764,317,0,86132,settled
SET_42_8,PAY_42_163,ORD_42_175,2026-08-28T05:31:55.728420Z,43365,867,156,0,42341,settled
SET_42_8,PAY_42_164,ORD_42_177,2026-08-28T05:31:55.728420Z,148051,2961,532,0,144557,settled
SET_42_8,PAY_42_165,ORD_42_178,2026-08-28T05:31:55.728420Z,112458,2249,404,0,109804,settled
SET_42_8,PAY_42_166,ORD_42_179,2026-08-28T05:31:55.728420Z,13281,265,47,0,12968,settled
SET_42_8,PAY_42_168,ORD_42_181,2026-08-28T05:31:55.728420Z,99485,1989,358,0,97137,settled
SET_42_8,PAY_42_169,ORD_42_182,2026-08-28T05:31:55.728420Z,21571,431,77,0,21062,settled
SET_42_8,PAY_42_170,ORD_42_184,2026-08-28T05:31:55.728420Z,170531,3410,613,0,166507,settled
SET_42_8,PAY_42_171,ORD_42_186,2026-08-28T05:31:55.728420Z,5442,108,19,0,5314,settled
SET_42_8,PAY_42_172,ORD_42_187,2026-08-28T05:31:55.728420Z,124241,2484,447,0,121309,settled
SET_42_8,PAY_42_173,ORD_42_188,2026-08-28T05:31:55.728420Z,57238,1144,206,0,55887,settled
SET_42_8,PAY_42_174,ORD_42_189,2026-08-28T05:31:55.728420Z,96803,1936,348,0,94518,settled
SET_42_9,PAY_42_175,ORD_42_190,2026-08-28T05:31:55.728457Z,196164,3923,706,0,191534,settled
SET_42_9,PAY_42_176,ORD_42_191,2026-08-28T05:31:55.728457Z,81636,1632,293,0,79710,settled
SET_42_9,PAY_42_178,ORD_42_193,2026-08-28T05:31:55.728457Z,187536,3750,675,0,183110,settled
SET_42_9,PAY_42_179,ORD_42_194,2026-08-28T05:31:55.728457Z,164527,3290,592,0,160644,settled
SET_42_9,PAY_42_180,ORD_42_195,2026-08-28T05:31:55.728457Z,79158,1583,284,0,77290,settled
SET_42_9,PAY_42_181,ORD_42_196,2026-08-28T05:31:55.728457Z,31833,636,114,0,31082,settled
SET_42_9,PAY_42_182,ORD_42_197,2026-08-28T05:31:55.728457Z,10866,217,39,0,10609,settled
SET_42_9,PAY_42_183,ORD_42_198,2026-08-28T05:31:55.728457Z,97242,1944,350,0,94947,settled
SET_42_9,PAY_42_184,ORD_42_199,2026-08-28T05:31:55.728457Z,3416,68,12,0,3335,settled
SET_42_9,PAY_42_186,ORD_42_202,2026-08-28T05:31:55.728457Z,192460,3849,692,0,187918,settled
SET_42_9,PAY_42_188,ORD_42_204,2026-08-28T05:31:55.728457Z,126845,2536,456,0,123852,settled
SET_42_9,PAY_42_189,ORD_42_205,2026-08-28T05:31:55.728457Z,70458,1409,253,0,68795,settled
SET_42_9,PAY_42_190,ORD_42_206,2026-08-28T05:31:55.728457Z,22818,456,82,0,22279,settled
SET_42_9,PAY_42_191,ORD_42_207,2026-08-28T05:31:55.728457Z,196832,3936,708,0,192187,settled
SET_42_9,PAY_42_192,ORD_42_208,2026-08-28T05:31:55.728457Z,99449,1988,358,0,97102,settled
SET_42_9,PAY_42_193,ORD_42_209,2026-08-28T05:31:55.728457Z,85300,1706,307,0,83287,settled
SET_42_9,PAY_42_194,ORD_42_210,2026-08-28T05:31:55.728457Z,67825,1356,244,0,66224,settled
SET_42_9,PAY_42_195,ORD_42_211,2026-08-28T05:31:55.728457Z,72522,1450,261,0,70810,settled
SET_42_9,PAY_42_196,ORD_42_212,2026-08-28T05:31:55.728457Z,50184,1003,180,0,49000,settled
SET_42_9,PAY_42_197,ORD_42_213,2026-08-28T05:31:55.728457Z,128177,2563,461,0,125152,settled
SET_42_10,PAY_42_198,ORD_42_214,2026-08-25T05:31:55.728497Z,124904,2498,449,0,121956,settled
SET_42_10,PAY_42_199,ORD_42_215,2026-08-25T05:31:55.728497Z,4620,92,16,0,4511,settled
SET_42_10,PAY_42_200,ORD_42_216,2026-08-25T05:31:55.728497Z,181447,3628,653,0,177165,settled
SET_42_10,PAY_42_201,ORD_42_217,2026-08-25T05:31:55.728497Z,96836,1936,348,0,94551,settled
SET_42_10,PAY_42_202,ORD_42_219,2026-08-25T05:31:55.728497Z,92325,1846,332,0,90146,settled
SET_42_10,PAY_42_203,ORD_42_220,2026-08-25T05:31:55.728497Z,66003,1320,237,0,64445,settled
SET_42_10,PAY_42_204,ORD_42_221,2026-08-25T05:31:55.728497Z,82819,1656,298,0,80864,settled
SET_42_10,PAY_42_205,ORD_42_222,2026-08-25T05:31:55.728497Z,199903,3998,719,0,195185,settled
SET_42_10,PAY_42_206,ORD_42_223,2026-08-25T05:31:55.728497Z,193720,3874,697,0,189148,settled
SET_42_10,PAY_42_207,ORD_42_224,2026-08-25T05:31:55.728497Z,199383,3987,717,0,194678,settled
SET_42_10,PAY_42_208,ORD_42_225,2026-08-25T05:31:55.728497Z,50986,1019,183,0,49783,settled
SET_42_10,PAY_42_209,ORD_42_228,2026-08-25T05:31:55.728497Z,76681,1533,276,0,74871,settled
SET_42_10,PAY_42_210,ORD_42_229,2026-08-25T05:31:55.728497Z,197439,3948,710,0,192780,settled
SET_42_10,PAY_42_211,ORD_42_230,2026-08-25T05:31:55.728497Z,74637,1492,268,0,72876,settled
SET_42_10,PAY_42_212,ORD_42_232,2026-08-25T05:31:55.728497Z,125333,2506,451,0,122375,settled
SET_42_10,PAY_42_213,ORD_42_233,2026-08-25T05:31:55.728497Z,129008,2580,464,0,125963,settled
SET_42_10,PAY_42_214,ORD_42_234,2026-08-25T05:31:55.728497Z,14153,283,50,0,13819,settled
SET_42_10,PAY_42_215,ORD_42_235,2026-08-25T05:31:55.728497Z,79748,1594,287,0,77866,settled
SET_42_10,PAY_42_216,ORD_42_236,2026-08-25T05:31:55.728497Z,146395,2927,527,0,142940,settled
SET_42_10,PAY_42_217,ORD_42_237,2026-08-25T05:31:55.728497Z,162214,3244,583,0,158386,settled
SET_42_11,PAY_42_218,ORD_42_238,2026-08-28T05:31:55.728536Z,118199,2363,425,0,115410,settled
SET_42_11,PAY_42_219,ORD_42_240,2026-08-28T05:31:55.728536Z,162898,3257,586,0,159054,settled
SET_42_11,PAY_42_220,ORD_42_241,2026-08-28T05:31:55.728536Z,54570,1091,196,0,53282,settled
SET_42_11,PAY_42_221,ORD_42_242,2026-08-28T05:31:55.728536Z,21382,427,76,0,20878,settled
SET_42_11,PAY_42_222,ORD_42_243,2026-08-28T05:31:55.728536Z,19777,395,71,0,19310,settled
SET_42_11,PAY_42_223,ORD_42_244,2026-08-28T05:31:55.728536Z,180814,3616,650,0,176547,settled
SET_42_11,PAY_42_224,ORD_42_245,2026-08-28T05:31:55.728536Z,60780,1215,218,0,59346,settled
SET_42_11,PAY_42_225,ORD_42_246,2026-08-28T05:31:55.728536Z,119121,2382,428,0,116310,settled
SET_42_11,PAY_42_226,ORD_42_247,2026-08-28T05:31:55.728536Z,69451,1389,250,0,67811,settled
SET_42_11,PAY_42_227,ORD_42_248,2026-08-28T05:31:55.728536Z,173425,3468,624,0,169332,settled
SET_42_11,PAY_42_228,ORD_42_249,2026-08-28T05:31:55.728536Z,30187,603,108,0,29475,settled
SET_42_11,PAY_42_229,ORD_42_250,2026-08-28T05:31:55.728536Z,69733,1394,251,0,68087,settled
SET_42_11,PAY_42_230,ORD_42_251,2026-08-28T05:31:55.728536Z,43595,871,156,0,42567,settled
SET_42_11,PAY_42_231,ORD_42_252,2026-08-28T05:31:55.728536Z,149314,2986,537,0,145790,settled
SET_42_11,PAY_42_232,ORD_42_253,2026-08-28T05:31:55.728536Z,122966,2459,442,0,120064,settled
SET_42_11,PAY_42_233,ORD_42_254,2026-08-28T05:31:55.728536Z,71467,1429,257,0,69780,settled
SET_42_11,PAY_42_234,ORD_42_255,2026-08-28T05:31:55.728536Z,21187,423,76,0,20687,settled
SET_42_11,PAY_42_235,ORD_42_256,2026-08-28T05:31:55.728536Z,84594,1691,304,0,82598,settled
SET_42_11,PAY_42_236,ORD_42_259,2026-08-28T05:31:55.728536Z,70750,1415,254,0,69081,settled
SET_42_11,PAY_42_237,ORD_42_260,2026-08-28T05:31:55.728536Z,123438,2468,444,0,120525,settled
SET_42_12,PAY_42_238,ORD_42_261,2026-08-28T05:31:55.728576Z,73017,1460,262,0,71294,settled
SET_42_12,PAY_42_239,ORD_42_262,2026-08-28T05:31:55.728576Z,166505,3330,599,0,162575,settled
SET_42_12,PAY_42_240,ORD_42_263,2026-08-28T05:31:55.728576Z,91315,1826,328,0,89160,settled
SET_42_12,PAY_42_241,ORD_42_264,2026-08-28T05:31:55.728576Z,27520,550,99,0,26870,settled
SET_42_12,PAY_42_242,ORD_42_265,2026-08-28T05:31:55.728576Z,181942,3638,654,0,177649,settled
SET_42_12,PAY_42_243,ORD_42_266,2026-08-28T05:31:55.728576Z,105076,2101,378,0,102596,settled
SET_42_12,PAY_42_244,ORD_42_267,2026-08-28T05:31:55.728576Z,119329,2386,429,0,116513,settled
SET_42_12,PAY_42_245,ORD_42_269,2026-08-28T05:31:55.728576Z,134998,2699,485,0,131813,settled
SET_42_12,PAY_42_246,ORD_42_270,2026-08-28T05:31:55.728576Z,142337,2846,512,0,138978,settled
SET_42_12,PAY_42_247,ORD_42_271,2026-08-28T05:31:55.728576Z,136005,2720,489,0,132795,settled
SET_42_12,PAY_42_248,ORD_42_272,2026-08-28T05:31:55.728576Z,164047,3280,590,0,160176,settled
SET_42_12,PAY_42_249,ORD_42_273,2026-08-28T05:31:55.728576Z,70107,1402,252,0,68452,settled
SET_42_12,PAY_42_250,ORD_42_274,2026-08-28T05:31:55.728576Z,183142,3662,659,0,178820,settled
SET_42_12,PAY_42_251,ORD_42_275,2026-08-28T05:31:55.728576Z,159712,3194,574,0,155943,settled
SET_42_12,PAY_42_252,ORD_42_276,2026-08-28T05:31:55.728576Z,81561,1631,293,0,79636,settled
SET_42_12,PAY_42_253,ORD_42_277,2026-08-28T05:31:55.728576Z,24534,490,88,0,23955,settled
SET_42_12,PAY_42_254,ORD_42_278,2026-08-28T05:31:55.728576Z,30893,617,111,0,30164,settled
SET_42_12,PAY_42_255,ORD_42_279,2026-08-28T05:31:55.728576Z,187953,3759,676,0,183517,settled
SET_42_12,PAY_42_256,ORD_42_280,2026-08-28T05:31:55.728576Z,109018,2180,392,0,106445,settled
SET_42_12,PAY_42_257,ORD_42_281,2026-08-28T05:31:55.728576Z,119843,2396,431,0,117015,settled
SET_42_13,PAY_42_258,ORD_42_282,2026-08-26T05:31:55.728614Z,157223,3144,566,0,153512,settled
SET_42_13,PAY_42_259,ORD_42_283,2026-08-26T05:31:55.728614Z,18400,368,66,0,17966,settled
SET_42_13,PAY_42_260,ORD_42_284,2026-08-26T05:31:55.728614Z,133200,2664,479,0,130057,settled
SET_42_13,PAY_42_261,ORD_42_285,2026-08-26T05:31:55.728614Z,190429,3808,685,0,185935,settled
SET_42_13,PAY_42_262,ORD_42_286,2026-08-26T05:31:55.728614Z,173099,3461,623,0,169014,settled
SET_42_13,PAY_42_263,ORD_42_287,2026-08-26T05:31:55.728614Z,141285,2825,508,0,137951,settled
SET_42_13,PAY_42_264,ORD_42_288,2026-08-26T05:31:55.728614Z,142556,2851,513,0,139191,settled
SET_42_13,PAY_42_265,ORD_42_290,2026-08-26T05:31:55.728614Z,100493,2009,361,0,98122,settled
SET_42_13,PAY_42_266,ORD_42_291,2026-08-26T05:31:55.728614Z,83508,1670,300,0,81537,settled
SET_42_13,PAY_42_267,ORD_42_292,2026-08-26T05:31:55.728614Z,100037,2000,360,0,97676,settled
SET_42_13,PAY_42_268,ORD_42_294,2026-08-26T05:31:55.728614Z,9804,196,35,0,9572,settled
SET_42_13,PAY_42_269,ORD_42_295,2026-08-26T05:31:55.728614Z,26409,528,95,0,25785,settled
SET_42_13,PAY_42_270,ORD_42_296,2026-08-26T05:31:55.728614Z,137974,2759,496,0,134718,settled
SET_42_13,PAY_42_271,ORD_42_297,2026-08-26T05:31:55.728614Z,37889,757,136,0,36995,settled
SET_42_13,PAY_42_272,ORD_42_298,2026-08-26T05:31:55.728614Z,19715,394,70,0,19250,settled
SET_42_13,PAY_42_273,ORD_42_299,2026-08-26T05:31:55.728614Z,163483,3269,588,0,159625,settled
SET_42_13,PAY_42_274,ORD_42_300,2026-08-26T05:31:55.728614Z,86231,1724,310,0,84196,settled
SET_42_13,PAY_42_275,ORD_42_301,2026-08-26T05:31:55.728614Z,83110,1662,299,0,81148,settled
SET_42_13,PAY_42_276,ORD_42_303,2026-08-26T05:31:55.728614Z,165555,3311,595,0,161648,settled
SET_42_13,PAY_42_277,ORD_42_304,2026-08-26T05:31:55.728614Z,195860,3917,705,0,191237,settled
SET_42_14,PAY_42_278,ORD_42_305,2026-08-28T05:31:55.728660Z,166233,3324,598,0,162310,settled
SET_42_14,PAY_42_280,ORD_42_307,2026-08-28T05:31:55.728660Z,85132,1702,306,0,83123,settled
SET_42_14,PAY_42_281,ORD_42_308,2026-08-28T05:31:55.728660Z,98362,1967,354,0,96040,settled
SET_42_14,PAY_42_282,ORD_42_309,2026-08-28T05:31:55.728660Z,108116,2162,389,0,105564,settled
SET_42_14,PAY_42_283,ORD_42_310,2026-08-28T05:31:55.728660Z,45993,919,165,0,44908,settled
SET_42_14,PAY_42_284,ORD_42_311,2026-08-28T05:31:55.728660Z,179179,3583,645,0,174950,settled
SET_42_14,PAY_42_285,ORD_42_312,2026-08-28T05:31:55.728660Z,60966,1219,219,0,59527,settled
SET_42_14,PAY_42_286,ORD_42_313,2026-08-28T05:31:55.728660Z,67032,1340,241,0,65450,settled
SET_42_14,PAY_42_287,ORD_42_314,2026-08-28T05:31:55.728660Z,75500,1510,271,0,73719,settled
SET_42_14,PAY_42_288,ORD_42_315,2026-08-28T05:31:55.728660Z,115896,2317,417,0,113161,settled
SET_42_14,PAY_42_289,ORD_42_317,2026-08-28T05:31:55.728660Z,119856,2397,431,0,117027,settled
SET_42_14,PAY_42_291,ORD_42_319,2026-08-28T05:31:55.728660Z,94198,1883,339,0,91975,settled
SET_42_14,PAY_42_292,ORD_42_323,2026-08-28T05:31:55.728660Z,130314,2606,469,0,127238,settled
SET_42_14,PAY_42_293,ORD_42_324,2026-08-28T05:31:55.728660Z,60424,1208,217,0,58998,settled
SET_42_14,PAY_42_294,ORD_42_325,2026-08-28T05:31:55.728660Z,166985,3339,601,0,163044,settled
SET_42_14,PAY_42_295,ORD_42_326,2026-08-28T05:31:55.728660Z,198170,3963,713,0,193493,settled
SET_42_14,PAY_42_296,ORD_42_327,2026-08-28T05:31:55.728660Z,35955,719,129,0,35106,settled
SET_42_14,PAY_42_297,ORD_42_328,2026-08-28T05:31:55.728660Z,10434,208,37,0,10188,settled
SET_42_14,PAY_42_299,ORD_42_330,2026-08-28T05:31:55.728660Z,77461,1549,278,0,75633,settled
SET_42_14,PAY_42_300,ORD_42_331,2026-08-28T05:31:55.728660Z,52737,1054,189,0,51493,settled
SET_42_15,PAY_42_301,ORD_42_332,2026-08-26T05:31:55.728698Z,96007,1920,345,0,93741,settled
SET_42_15,PAY_42_302,ORD_42_333,2026-08-26T05:31:55.728698Z,43234,864,155,0,42214,settled
SET_42_15,PAY_42_303,ORD_42_334,2026-08-26T05:31:55.728698Z,77469,1549,278,0,75641,settled
SET_42_15,PAY_42_304,ORD_42_335,2026-08-26T05:31:55.728698Z,30291,605,109,0,29576,settled
SET_42_15,PAY_42_305,ORD_42_338,2026-08-26T05:31:55.728698Z,23772,475,85,0,23211,settled
SET_42_15,PAY_42_306,ORD_42_339,2026-08-26T05:31:55.728698Z,140759,2815,506,0,137437,settled
SET_42_15,PAY_42_307,ORD_42_340,2026-08-26T05:31:55.728698Z,196448,3928,707,0,191812,settled
SET_42_15,PAY_42_309,ORD_42_342,2026-08-26T05:31:55.728698Z,61395,1227,221,0,59946,settled
SET_42_15,PAY_42_310,ORD_42_343,2026-08-26T05:31:55.728698Z,147269,2945,530,0,143793,settled
SET_42_15,PAY_42_311,ORD_42_344,2026-08-26T05:31:55.728698Z,169878,3397,611,0,165869,settled
SET_42_15,PAY_42_313,ORD_42_347,2026-08-26T05:31:55.728698Z,129238,2584,465,0,126188,settled
SET_42_15,PAY_42_314,ORD_42_348,2026-08-26T05:31:55.728698Z,141014,2820,507,0,137686,settled
SET_42_15,PAY_42_315,ORD_42_349,2026-08-26T05:31:55.728698Z,175863,3517,633,0,171712,settled
SET_42_15,PAY_42_316,ORD_42_350,2026-08-26T05:31:55.728698Z,141708,2834,510,0,138363,settled
SET_42_15,PAY_42_317,ORD_42_351,2026-08-26T05:31:55.728698Z,40607,812,146,0,39648,settled
SET_42_15,PAY_42_318,ORD_42_352,2026-08-26T05:31:55.728698Z,128379,2567,462,0,125349,settled
SET_42_15,PAY_42_319,ORD_42_353,2026-08-26T05:31:55.728698Z,181052,3621,651,0,176779,settled
SET_42_15,PAY_42_320,ORD_42_354,2026-08-26T05:31:55.728698Z,61995,1239,223,0,60532,settled
SET_42_15,PAY_42_322,ORD_42_356,2026-08-26T05:31:55.728698Z,15972,319,57,0,15595,settled
SET_42_15,PAY_42_323,ORD_42_357,2026-08-26T05:31:55.728698Z,32123,642,115,0,31365,settled
SET_42_16,PAY_42_324,ORD_42_358,2026-08-23T05:31:55.728731Z,173840,3476,625,0,169738,settled
SET_42_16,PAY_42_325,ORD_42_359,2026-08-23T05:31:55.728731Z,5698,113,20,0,5564,settled
SET_42_16,PAY_42_326,ORD_42_360,2026-08-23T05:31:55.728731Z,33110,662,119,0,32328,settled
SET_42_16,PAY_42_327,ORD_42_361,2026-08-23T05:31:55.728731Z,145382,2907,523,0,141951,settled
SET_42_16,PAY_42_328,ORD_42_362,2026-08-23T05:31:55.728731Z,61179,1223,220,0,59735,settled
SET_42_16,PAY_42_329,ORD_42_364,2026-08-23T05:31:55.728731Z,141714,2834,510,0,138369,settled
SET_42_16,PAY_42_330,ORD_42_365,2026-08-23T05:31:55.728731Z,173392,3467,624,0,169300,settled
SET_42_16,PAY_42_332,ORD_42_368,2026-08-23T05:31:55.728731Z,33328,666,119,0,32542,settled
SET_42_16,PAY_42_333,ORD_42_369,2026-08-23T05:31:55.728731Z,195571,3911,704,0,190955,settled
SET_42_16,PAY_42_334,ORD_42_370,2026-08-23T05:31:55.728731Z,95006,1900,342,0,92763,settled
SET_42_16,PAY_42_335,ORD_42_371,2026-08-23T05:31:55.728731Z,132178,2643,475,0,129059,settled
SET_42_16,PAY_42_336,ORD_42_372,2026-08-23T05:31:55.728731Z,190742,3814,686,0,186241,settled
SET_42_16,PAY_42_338,ORD_42_374,2026-08-23T05:31:55.728731Z,125662,2513,452,0,122696,settled
SET_42_16,PAY_42_339,ORD_42_375,2026-08-23T05:31:55.728731Z,28401,568,102,0,27730,settled
SET_42_16,PAY_42_340,ORD_42_376,2026-08-23T05:31:55.728731Z,21278,425,76,0,20776,settled
SET_42_16,PAY_42_341,ORD_42_377,2026-08-23T05:31:55.728731Z,33180,663,119,0,32397,settled
SET_42_16,PAY_42_342,ORD_42_378,2026-08-23T05:31:55.728731Z,143848,2876,517,0,140454,settled
SET_42_16,PAY_42_343,ORD_42_379,2026-08-23T05:31:55.728731Z,139182,2783,501,0,135897,settled
SET_42_16,PAY_42_344,ORD_42_380,2026-08-23T05:31:55.728731Z,112874,2257,406,0,110210,settled
SET_42_16,PAY_42_345,ORD_42_381,2026-08-23T05:31:55.728731Z,171729,3434,618,0,167676,settled
SET_42_17,PAY_42_346,ORD_42_382,2026-08-23T05:31:55.728764Z,56467,1129,203,0,55134,settled
SET_42_17,PAY_42_347,ORD_42_383,2026-08-23T05:31:55.728764Z,88948,1778,320,0,86849,settled
SET_42_17,PAY_42_348,ORD_42_384,2026-08-23T05:31:55.728764Z,191363,3827,688,0,186847,settled
SET_42_17,PAY_42_349,ORD_42_385,2026-08-23T05:31:55.728764Z,174454,3489,628,0,170336,settled
SET_42_17,PAY_42_350,ORD_42_386,2026-08-23T05:31:55.728764Z,124426,2488,447,0,121490,settled
SET_42_17,PAY_42_351,ORD_42_387,2026-08-23T05:31:55.728764Z,113313,2266,407,0,110639,settled
SET_42_17,PAY_42_352,ORD_42_388,2026-08-23T05:31:55.728764Z,34208,684,123,0,33400,settled
SET_42_17,PAY_42_353,ORD_42_389,2026-08-23T05:31:55.728764Z,147316,2946,530,0,143839,settled
SET_42_17,PAY_42_354,ORD_42_390,2026-08-23T05:31:55.728764Z,107791,2155,388,0,105247,settled
SET_42_17,PAY_42_355,ORD_42_391,2026-08-23T05:31:55.728764Z,196782,3935,708,0,192138,settled
SET_42_17,PAY_42_356,ORD_42_392,2026-08-23T05:31:55.728764Z,75500,1510,271,0,73719,settled
SET_42_17,PAY_42_357,ORD_42_393,2026-08-23T05:31:55.728764Z,151597,3031,545,0,148020,settled
SET_42_17,PAY_42_360,ORD_42_396,2026-08-23T05:31:55.728764Z,150596,3011,542,0,147042,settled
SET_42_17,PAY_42_361,ORD_42_398,2026-08-23T05:31:55.728764Z,177041,3540,637,0,172863,settled
SET_42_17,PAY_42_362,ORD_42_399,2026-08-23T05:31:55.728764Z,172546,3450,621,0,168474,settled
SET_42_17,PAY_42_363,ORD_42_400,2026-08-23T05:31:55.728764Z,47394,947,170,0,46276,settled
SET_42_17,PAY_42_364,ORD_42_401,2026-08-23T05:31:55.728764Z,89182,1783,321,0,87077,settled
SET_42_17,PAY_42_365,ORD_42_402,2026-08-23T05:31:55.728764Z,37652,753,135,0,36763,settled
SET_42_17,PAY_42_366,ORD_42_403,2026-08-23T05:31:55.728764Z,37291,745,134,0,36411,settled
SET_42_17,PAY_42_367,ORD_42_404,2026-08-23T05:31:55.728764Z,195688,3913,704,0,191070,settled
SET_42_18,PAY_42_368,ORD_42_405,2026-08-28T05:31:55.728797Z,119020,2380,428,0,116211,settled
SET_42_18,PAY_42_369,ORD_42_406,2026-08-28T05:31:55.728797Z,189262,3785,681,0,184795,settled
SET_42_18,PAY_42_371,ORD_42_408,2026-08-28T05:31:55.728797Z,197870,3957,712,0,193200,settled
SET_42_18,PAY_42_372,ORD_42_409,2026-08-28T05:31:55.728797Z,71430,1428,257,0,69744,settled
SET_42_18,PAY_42_373,ORD_42_410,2026-08-28T05:31:55.728797Z,159241,3184,573,0,155483,settled
SET_42_18,PAY_42_374,ORD_42_411,2026-08-28T05:31:55.728797Z,198003,3960,712,0,193330,settled
SET_42_18,PAY_42_375,ORD_42_412,2026-08-28T05:31:55.728797Z,29169,583,105,0,28480,settled
SET_42_18,PAY_42_376,ORD_42_413,2026-08-28T05:31:55.728797Z,127667,2553,459,0,124654,settled
SET_42_18,PAY_42_377,ORD_42_414,2026-08-28T05:31:55.728797Z,57907,1158,208,0,56540,settled
SET_42_18,PAY_42_379,ORD_42_416,2026-08-28T05:31:55.728797Z,36075,721,129,0,35224,settled
SET_42_18,PAY_42_380,ORD_42_418,2026-08-28T05:31:55.728797Z,46157,923,166,0,45067,settled
SET_42_18,PAY_42_381,ORD_42_419,2026-08-28T05:31:55.728797Z,60422,1208,217,0,58996,settled
SET_42_18,PAY_42_382,ORD_42_420,2026-08-28T05:31:55.728797Z,92942,1858,334,0,90749,settled
SET_42_18,PAY_42_383,ORD_42_422,2026-08-28T05:31:55.728797Z,82166,1643,295,0,80227,settled
SET_42_18,PAY_42_384,ORD_42_423,2026-08-28T05:31:55.728797Z,186090,3721,669,0,181699,settled
SET_42_18,PAY_42_385,ORD_42_425,2026-08-28T05:31:55.728797Z,162137,3242,583,0,158311,settled
SET_42_18,PAY_42_386,ORD_42_426,2026-08-28T05:31:55.728797Z,94957,1899,341,0,92716,settled
SET_42_18,PAY_42_388,ORD_42_428,2026-08-28T05:31:55.728797Z,103847,2076,373,0,101397,settled
SET_42_18,PAY_42_389,ORD_42_429,2026-08-28T05:31:55.728797Z,58183,1163,209,0,56810,settled
SET_42_18,PAY_42_390,ORD_42_430,2026-08-28T05:31:55.728797Z,133920,2678,482,0,130759,settled
SET_42_19,PAY_42_391,ORD_42_431,2026-08-24T05:31:55.728832Z,50930,1018,183,0,49728,settled
SET_42_19,PAY_42_392,ORD_42_433,2026-08-24T05:31:55.728832Z,38816,776,139,0,37900,settled
SET_42_19,PAY_42_393,ORD_42_434,2026-08-24T05:31:55.728832Z,51813,1036,186,0,50590,settled
SET_42_19,PAY_42_394,ORD_42_435,2026-08-24T05:31:55.728832Z,199107,3982,716,0,194408,settled
SET_42_19,PAY_42_395,ORD_42_436,2026-08-24T05:31:55.728832Z,164713,3294,592,0,160826,settled
SET_42_19,PAY_42_396,ORD_42_437,2026-08-24T05:31:55.728832Z,199297,3985,717,0,194594,settled
SET_42_19,PAY_42_397,ORD_42_438,2026-08-24T05:31:55.728832Z,148078,2961,533,0,144583,settled
SET_42_19,PAY_42_398,ORD_42_439,2026-08-24T05:31:55.728832Z,164521,3290,592,0,160638,settled
SET_42_19,PAY_42_400,ORD_42_441,2026-08-24T05:31:55.728832Z,72104,1442,259,0,70402,settled
SET_42_19,PAY_42_402,ORD_42_443,2026-08-24T05:31:55.728832Z,15013,300,54,0,14658,settled
SET_42_19,PAY_42_403,ORD_42_444,2026-08-24T05:31:55.728832Z,169095,3381,608,0,165105,settled
SET_42_19,PAY_42_404,ORD_42_445,2026-08-24T05:31:55.728832Z,155834,3116,561,0,152156,settled
SET_42_19,PAY_42_405,ORD_42_447,2026-08-24T05:31:55.728832Z,10853,217,39,0,10596,settled
SET_42_19,PAY_42_406,ORD_42_448,2026-08-24T05:31:55.728832Z,49445,988,178,0,48278,settled
SET_42_19,PAY_42_407,ORD_42_451,2026-08-24T05:31:55.728832Z,169478,3389,610,0,165478,settled
SET_42_19,PAY_42_409,ORD_42_454,2026-08-24T05:31:55.728832Z,74258,1485,267,0,72505,settled
SET_42_19,PAY_42_410,ORD_42_455,2026-08-24T05:31:55.728832Z,156832,3136,564,0,153131,settled
SET_42_19,PAY_42_411,ORD_42_456,2026-08-24T05:31:55.728832Z,87826,1756,316,0,85753,settled
SET_42_19,PAY_42_412,ORD_42_457,2026-08-24T05:31:55.728832Z,177933,3558,640,0,173734,settled
SET_42_19,PAY_42_415,ORD_42_461,2026-08-24T05:31:55.728832Z,172080,3441,619,0,168019,settled
SET_42_20,PAY_42_416,ORD_42_462,2026-08-28T05:31:55.728873Z,156086,3121,561,0,152403,settled
SET_42_20,PAY_42_417,ORD_42_463,2026-08-28T05:31:55.728873Z,146618,2932,527,0,143158,settled
SET_42_20,PAY_42_418,ORD_42_464,2026-08-28T05:31:55.728873Z,33600,672,120,0,32808,settled
SET_42_20,PAY_42_419,ORD_42_465,2026-08-28T05:31:55.728873Z,138090,2761,497,0,134831,settled
SET_42_20,PAY_42_420,ORD_42_466,2026-08-28T05:31:55.728873Z,133397,2667,480,0,130249,settled
SET_42_20,PAY_42_421,ORD_42_468,2026-08-28T05:31:55.728873Z,127573,2551,459,0,124562,settled
SET_42_20,PAY_42_422,ORD_42_469,2026-08-28T05:31:55.728873Z,20328,406,73,0,19848,settled
SET_42_20,PAY_42_423,ORD_42_470,2026-08-28T05:31:55.728873Z,141597,2831,509,0,138256,settled
SET_42_20,PAY_42_424,ORD_42_471,2026-08-28T05:31:55.728873Z,173620,3472,625,0,169522,settled
SET_42_20,PAY_42_425,ORD_42_472,2026-08-28T05:31:55.728873Z,156664,3133,563,0,152967,settled
SET_42_20,PAY_42_426,ORD_42_473,2026-08-28T05:31:55.728873Z,181725,3634,654,0,177436,settled
SET_42_20,PAY_42_427,ORD_42_475,2026-08-28T05:31:55.728873Z,188735,3774,679,0,184281,settled
SET_42_20,PAY_42_428,ORD_42_476,2026-08-28T05:31:55.728873Z,74792,1495,269,0,73027,settled
SET_42_20,PAY_42_429,ORD_42_477,2026-08-28T05:31:55.728873Z,140087,2801,504,0,136781,settled
SET_42_20,PAY_42_430,ORD_42_478,2026-08-28T05:31:55.728873Z,50960,1019,183,0,49757,settled
SET_42_20,PAY_42_432,ORD_42_480,2026-08-28T05:31:55.728873Z,138370,2767,498,0,135104,settled
SET_42_20,PAY_42_433,ORD_42_481,2026-08-28T05:31:55.728873Z,52449,1048,188,0,51212,settled
SET_42_20,PAY_42_434,ORD_42_482,2026-08-28T05:31:55.728873Z,65636,1312,236,0,64087,settled
SET_42_20,PAY_42_435,ORD_42_483,2026-08-28T05:31:55.728873Z,97411,1948,350,0,95112,settled
SET_42_20,PAY_42_436,ORD_42_484,2026-08-28T05:31:55.728873Z,135342,2706,487,0,132148,settled
SET_42_21,PAY_42_437,ORD_42_485,2026-08-27T05:31:55.728906Z,42124,842,151,0,41130,settled
SET_42_21,PAY_42_438,ORD_42_486,2026-08-27T05:31:55.728906Z,114780,2295,413,0,112071,settled
SET_42_21,PAY_42_439,ORD_42_487,2026-08-27T05:31:55.728906Z,118360,2367,426,0,115566,settled
SET_42_21,PAY_42_440,ORD_42_488,2026-08-27T05:31:55.728906Z,14060,281,50,0,13728,settled
SET_42_21,PAY_42_441,ORD_42_490,2026-08-27T05:31:55.728906Z,7489,149,26,0,7313,settled
SET_42_21,PAY_42_442,ORD_42_491,2026-08-27T05:31:55.728906Z,187455,3749,674,0,183031,settled
SET_42_21,PAY_42_443,ORD_42_492,2026-08-27T05:31:55.728906Z,10140,202,36,0,9901,settled
SET_42_21,PAY_42_444,ORD_42_493,2026-08-27T05:31:55.728906Z,36483,729,131,0,35622,settled
SET_42_21,PAY_42_446,ORD_42_496,2026-08-27T05:31:55.728906Z,190740,3814,686,0,186239,settled
SET_42_21,PAY_42_447,ORD_42_497,2026-08-27T05:31:55.728906Z,75624,1512,272,0,73839,settled
SET_42_21,PAY_42_448,ORD_42_498,2026-08-27T05:31:55.728906Z,62605,1252,225,0,61127,settled
SET_42_21,PAY_42_449,ORD_42_499,2026-08-27T05:31:55.728906Z,16564,331,59,0,16173,settled
